run,replicate,topology,variant,random_depth,stability_weight,step,consumed_tokens,train_loss,main_loss,stability_loss,learning_rate,grad_norm,training_elapsed_seconds,training_tokens_per_second,seconds_per_million_tokens,avg_recurrent_iterations,recurrent_iteration_fraction,validation_nll,validation_ppl,validation_tokens,parameters,peak_vram_bytes
1d-r0-A,0,1d,A,False,0.0,250,250000,5.183289527893066,5.183289527893066,,0.0002954100398908,1.247545599937439,8.13898142999966,30716.3742969752,32.55592571999864,12.0,1.0,5.069241752227147,159.05367951034944,49152,1170816,157502464
1d-r0-A,0,1d,A,False,0.0,500,500000,4.299493312835693,4.299493312835693,,0.0002683710764094,1.6695125102996826,15.398168506000502,32471.39423140845,30.796337012001004,12.0,1.0,4.416762938102086,82.82773243487433,49152,1170816,157502464
1d-r0-A,0,1d,A,False,0.0,1000,1000000,3.973703384399414,3.973703384399414,,0.0001623869018208,1.9347304105758667,30.148313526000948,33169.35121885227,30.148313526000948,12.0,1.0,4.020360812544823,55.72120711071805,49152,1170816,157502464
1d-r0-A,0,1d,A,False,0.0,2000,2000000,4.133346557617188,4.133346557617188,,0.0,1.8227882385253904,59.845883641002615,33419.17402368718,29.922941820501308,12.0,1.0,3.859876985351245,47.45951279444928,49152,1170816,157502464
1d-r0-B,0,1d,B,True,0.0,250,250000,5.286871910095215,5.286871910095215,0.1915460228919983,0.0002954100398908,1.64958655834198,6.419363759000703,38944.66950084744,25.67745503600281,8.932,0.7443333333333334,5.185621231794357,178.68441975993116,49152,1170816,158716928
1d-r0-B,0,1d,B,True,0.0,500,500000,4.349876880645752,4.349876880645752,0.18734672665596,0.0002683710764094,1.5973098278045654,12.393021107001688,40345.28753586282,24.786042214003373,8.914,0.7428333333333333,4.458304266134898,86.34097357598232,49152,1170816,158716928
1d-r0-B,0,1d,B,True,0.0,1000,1000000,3.988903284072876,3.988903284072876,0.1669641435146331,0.0001623869018208,1.6521512269973757,24.37854054100308,41019.68279512331,24.37854054100308,8.921,0.7434166666666666,4.054434388875961,57.65254485174271,49152,1170816,158716928
1d-r0-B,0,1d,B,True,0.0,2000,2000000,4.1707634925842285,4.1707634925842285,0.269122838973999,0.0,1.7158172130584717,48.597342543002014,41154.51371091481,24.298671271501007,8.952,0.746,3.885349656144778,48.68396213031177,49152,1170816,158716928
1d-r0-F,0,1d,F,False,0.1,250,250000,5.158914089202881,5.151103496551514,0.0781036242842674,0.0002954100398908,1.3927159309387207,8.609153140999751,29038.860838636258,34.436612563999006,12.0,1.0,5.03916722536087,154.3414298635337,49152,1170816,159044608
1d-r0-F,0,1d,F,False,0.1,500,500000,4.281968593597412,4.273929595947266,0.0803919211030006,0.0002683710764094,1.7469638586044312,16.809958962000223,29744.272495267574,33.61991792400045,12.0,1.0,4.387514978647232,80.440274601938,49152,1170816,159044608
1d-r0-F,0,1d,F,False,0.1,1000,1000000,3.9503462314605713,3.9420783519744873,0.0826797783374786,0.0001623869018208,2.0084211826324463,32.47046059700074,30797.22250975303,32.47046059700074,12.0,1.0,3.9939340502023697,54.26796285787057,49152,1170816,159044608
1d-r0-F,0,1d,F,False,0.1,2000,2000000,4.106130123138428,4.097651481628418,0.0847851037979126,0.0,1.863905668258667,63.51485785999876,31488.695202758016,31.757428929999374,12.0,1.0,3.830707376201948,46.09513330469208,49152,1170816,159044608
1d-r0-H,0,1d,H,True,0.1,250,250000,5.264044284820557,5.250949859619141,0.1309450566768646,0.0002954100398908,2.3951704502105717,6.687272979000909,37384.44666234493,26.74909191600364,8.932,0.7443333333333334,5.177727450927098,177.27947655820358,49152,1170816,158716928
1d-r0-H,0,1d,H,True,0.1,500,500000,4.308568000793457,4.29360294342041,0.1496494114398956,0.0002683710764094,1.521744966506958,12.923845142000571,38688.17635202657,25.847690284001143,8.914,0.7428333333333333,4.421576897303264,83.22742303478677,49152,1170816,158716928
1d-r0-H,0,1d,H,True,0.1,1000,1000000,3.9491913318634033,3.9370980262756343,0.1209338009357452,0.0001623869018208,1.7016067504882812,24.804949100000957,40314.53545695692,24.804949100000957,8.921,0.7434166666666666,4.010859409968059,55.1942847049079,49152,1170816,158716928
1d-r0-H,0,1d,H,True,0.1,2000,2000000,4.119454383850098,4.101764678955078,0.1768971979618072,0.0,1.678769826889038,48.68326844400008,41081.876051534666,24.34163422200004,8.952,0.746,3.8387568990389513,46.46767451081664,49152,1170816,158716928
1d-r1-A,1,1d,A,False,0.0,250,250000,4.97739839553833,4.97739839553833,,0.0002954100398908,1.3687002658843994,7.994183218999638,31272.738333771147,31.97673287599855,12.0,1.0,5.060351441303889,157.64590987312474,49152,1170816,157502464
1d-r1-A,1,1d,A,False,0.0,500,500000,4.603163242340088,4.603163242340088,,0.0002683710764094,1.7218245267868042,15.3666931469985,32537.904884087733,30.733386293997,12.0,1.0,4.425797204176585,83.57941052544541,49152,1170816,157502464
1d-r1-A,1,1d,A,False,0.0,1000,1000000,4.155517578125,4.155517578125,,0.0001623869018208,1.684840202331543,30.09115163499837,33232.36053341746,30.09115163499837,12.0,1.0,4.024808605511983,55.96959548437156,49152,1170816,157502464
1d-r1-A,1,1d,A,False,0.0,2000,2000000,4.102339744567871,4.102339744567871,,0.0,1.789939045906067,59.9707771229979,33349.57617604441,29.98538856149895,12.0,1.0,3.864581416050593,47.6833087870365,49152,1170816,157502464
1d-r1-B,1,1d,B,True,0.0,250,250000,5.070606708526611,5.070606708526611,0.2861434519290924,0.0002954100398908,1.2625277042388916,6.350586112999963,39366.44516767321,25.40234445199985,8.84,0.7366666666666667,5.150638580322266,172.54163683846718,49152,1170816,158716928
1d-r1-B,1,1d,B,True,0.0,500,500000,4.633004188537598,4.633004188537598,0.1320113241672516,0.0002683710764094,1.5895965099334717,12.947945031999552,38616.16640820609,25.895890063999104,8.886,0.7404999999999999,4.465992083152135,87.00730521797215,49152,1170816,158716928
1d-r1-B,1,1d,B,True,0.0,1000,1000000,4.184174060821533,4.184174060821533,0.2037629336118698,0.0001623869018208,1.7061363458633425,25.077914980998685,39875.723350912194,25.077914980998685,8.947,0.7455833333333333,4.056491062045097,57.77123930988655,49152,1170816,158716928
1d-r1-B,1,1d,B,True,0.0,2000,2000000,4.122900485992432,4.122900485992432,0.1680504083633422,0.0,1.6813359260559082,48.93699388899893,40868.87732696637,24.468496944499464,8.9785,0.7482083333333334,3.892487754424413,49.03271627650361,49152,1170816,158716928
1d-r1-F,1,1d,F,False,0.1,250,250000,4.974497318267822,4.967005729675293,0.0749166756868362,0.0002954100398908,1.7416324615478516,8.315177005999999,30065.50549911409,33.260708024,12.0,1.0,5.039751023054123,154.4315603406838,49152,1170816,159044608
1d-r1-F,1,1d,F,False,0.1,500,500000,4.585344314575195,4.577518463134766,0.0782588720321655,0.0002683710764094,1.6669002771377563,16.2725963489994,30726.5041961632,32.5451926979988,12.0,1.0,4.406841059525807,82.00998921383946,49152,1170816,159044608
1d-r1-F,1,1d,F,False,0.1,1000,1000000,4.137418270111084,4.129128932952881,0.0828911513090133,0.0001623869018208,1.7236597537994385,31.77389615099833,31472.37579073476,31.77389615099833,12.0,1.0,4.004726101954778,54.85679717168745,49152,1170816,159044608
1d-r1-F,1,1d,F,False,0.1,2000,2000000,4.091359615325928,4.082950115203857,0.0840935111045837,0.0,1.8643244504928589,63.16646132599499,31662.37205656061,31.583230662997494,12.0,1.0,3.838744382063548,46.467092879717896,49152,1170816,159044608
1d-r1-H,1,1d,H,True,0.1,250,250000,5.057976722717285,5.038907527923584,0.1906898319721222,0.0002954100398908,1.4553108215332031,6.928940165998256,36080.55402567939,27.715760663993024,8.84,0.7366666666666667,5.108385860919952,165.40315558594335,49152,1170816,158716928
1d-r1-H,1,1d,H,True,0.1,500,500000,4.6000142097473145,4.590900421142578,0.0911386609077453,0.0002683710764094,1.5684499740600586,13.22806794299754,37798.4148671297,26.45613588599508,8.886,0.7404999999999999,4.425781627496083,83.57810864581062,49152,1170816,158716928
1d-r1-H,1,1d,H,True,0.1,1000,1000000,4.151779651641846,4.13716983795166,0.1460969299077987,0.0001623869018208,1.767063856124878,25.84388191399717,38693.87746499474,25.84388191399717,8.947,0.7455833333333333,4.013251066207886,55.32644844244071,49152,1170816,158716928
1d-r1-H,1,1d,H,True,0.1,2000,2000000,4.083967208862305,4.072863578796387,0.1110344231128692,0.0,1.796205997467041,51.031513801994834,39191.46917256097,25.515756900997417,8.9785,0.7482083333333334,3.846619407335917,46.83446705233764,49152,1170816,158716928
1d-r2-A,2,1d,A,False,0.0,250,250000,5.138283729553223,5.138283729553223,,0.0002954100398908,1.6552026271820068,8.138424741999415,30718.47537151041,32.55369896799766,12.0,1.0,5.072691688934962,159.6033522607181,49152,1170816,157502464
1d-r2-A,2,1d,A,False,0.0,500,500000,4.59798526763916,4.59798526763916,,0.0002683710764094,1.949512004852295,15.644922309000547,31959.251067188052,31.289844618001094,12.0,1.0,4.41120860973994,82.3689552903524,49152,1170816,157502464
1d-r2-A,2,1d,A,False,0.0,1000,1000000,3.893399953842163,3.893399953842163,,0.0001623869018208,1.6397465467453003,30.427365206000783,32865.15257662807,30.427365206000783,12.0,1.0,4.019748657941818,55.68710755546496,49152,1170816,157502464
1d-r2-A,2,1d,A,False,0.0,2000,2000000,3.857069253921509,3.857069253921509,,0.0,1.8021823167800903,59.95618045600236,33357.69531662645,29.97809022800118,12.0,1.0,3.865480810403824,47.72621417724355,49152,1170816,157502464
1d-r2-B,2,1d,B,True,0.0,250,250000,5.217936992645264,5.217936992645264,0.2346230745315551,0.0002954100398908,0.961696207523346,6.802166024998769,36752.99883613841,27.20866409999508,9.176,0.7646666666666667,5.1715773940086365,176.19254346303495,49152,1170816,158716928
1d-r2-B,2,1d,B,True,0.0,500,500000,4.647830009460449,4.647830009460449,0.1465545296669006,0.0002683710764094,1.760250210762024,12.861642700996526,38875.28301196392,25.723285401993053,9.15,0.7625000000000001,4.472511847813924,87.57642562141606,49152,1170816,158716928
1d-r2-B,2,1d,B,True,0.0,1000,1000000,3.947770357131958,3.947770357131958,0.3390132188796997,0.0001623869018208,1.715558409690857,25.260769604994948,39587.07575569133,25.260769604994948,9.147,0.76225,4.06750472386678,58.41102894879144,49152,1170816,158716928
1d-r2-B,2,1d,B,True,0.0,2000,2000000,3.8900341987609854,3.8900341987609854,0.1740180552005767,0.0,1.7123347520828247,49.276068029995486,40587.65400645509,24.638034014997743,9.0505,0.7542083333333333,3.898385549585024,49.32275564894771,49152,1170816,158716928
1d-r2-F,2,1d,F,False,0.1,250,250000,5.115698337554932,5.107982158660889,0.0771632939577102,0.0002954100398908,1.1657633781433103,8.233628510999097,30363.283899198428,32.93451404399639,12.0,1.0,5.0358923474947614,153.83680727072897,49152,1170816,159044608
1d-r2-F,2,1d,F,False,0.1,500,500000,4.568250179290772,4.560139179229736,0.0811120197176933,0.0002683710764094,1.8226399421691892,16.157976179998514,30944.469432931543,32.31595235999703,12.0,1.0,4.382274895906448,80.01986336415496,49152,1170816,159044608
1d-r2-F,2,1d,F,False,0.1,1000,1000000,3.869916439056397,3.8616342544555664,0.0828218385577201,0.0001623869018208,1.6695128679275513,31.67816998799799,31567.4800778856,31.67816998799799,12.0,1.0,3.994879812002182,54.3193117021554,49152,1170816,159044608
1d-r2-F,2,1d,F,False,0.1,2000,2000000,3.83224892616272,3.823749542236328,0.0849928483366966,0.0,1.8328176736831665,62.57631856899684,31960.972548981037,31.28815928449842,12.0,1.0,3.836100031932195,46.34437993605893,49152,1170816,159044608
1d-r2-H,2,1d,H,True,0.1,250,250000,5.190468311309815,5.174329280853272,0.1613896638154983,0.0002954100398908,1.023707628250122,7.02506107700151,35586.87921140565,28.10024430800604,9.176,0.7646666666666667,5.115302373965581,166.55113409708858,49152,1170816,158716928
1d-r2-H,2,1d,H,True,0.1,500,500000,4.610550880432129,4.601627826690674,0.089228831231594,0.0002683710764094,1.8910138607025144,13.430498190003163,37228.70089600766,26.860996380006327,9.15,0.7625000000000001,4.427054166793823,83.68453277357405,49152,1170816,158716928
1d-r2-H,2,1d,H,True,0.1,1000,1000000,3.9175426959991455,3.894999504089356,0.2254317700862884,0.0001623869018208,1.6569114923477173,26.22608711700218,38129.97324147937,26.22608711700218,9.147,0.76225,4.021093795696895,55.76206478890891,49152,1170816,158716928
1d-r2-H,2,1d,H,True,0.1,2000,2000000,3.86729907989502,3.85562801361084,0.1167104467749595,0.0,1.836706519126892,50.9462267929996,39257.0780192659,25.4731133964998,9.0505,0.7542083333333333,3.850322797894478,47.00823494201185,49152,1170816,158716928
1d-r3-A,3,1d,A,False,0.0,250,250000,5.1636152267456055,5.1636152267456055,,0.0002954100398908,1.2157851457595823,7.950057366003421,31446.31396863463,31.80022946401368,12.0,1.0,5.10997552673022,165.66630042805326,49152,1170816,157502464
1d-r3-A,3,1d,A,False,0.0,500,500000,4.581826210021973,4.581826210021973,,0.0002683710764094,1.7305573225021362,15.261401166002088,32762.39151054183,30.522802332004176,12.0,1.0,4.448540319999059,85.50204724132696,49152,1170816,157502464
1d-r3-A,3,1d,A,False,0.0,1000,1000000,4.3376336097717285,4.3376336097717285,,0.0001623869018208,1.8532958030700684,29.713209715001994,33655.06485471029,29.713209715001994,12.0,1.0,4.049753939112027,57.38333551364779,49152,1170816,157502464
1d-r3-A,3,1d,A,False,0.0,2000,2000000,4.030612468719482,4.030612468719482,,0.0,2.046860694885254,58.95243260200505,33925.65686817778,29.476216301002523,12.0,1.0,3.884516929586729,48.64343857695605,49152,1170816,157502464
1d-r3-B,3,1d,B,True,0.0,250,250000,5.248271942138672,5.248271942138672,0.1410618424415588,0.0002954100398908,1.5327879190444946,6.954933828000549,35945.705046610296,27.819735312002194,8.984,0.7486666666666667,5.201564838488896,181.5561257144557,49152,1170816,158716928
1d-r3-B,3,1d,B,True,0.0,500,500000,4.635518550872803,4.635518550872803,0.2521703541278839,0.0002683710764094,1.8235280513763428,13.186412197000209,37917.81968667304,26.372824394000418,9.038,0.7531666666666667,4.496211141347885,89.67671441671939,49152,1170816,158716928
1d-r3-B,3,1d,B,True,0.0,1000,1000000,4.383437156677246,4.383437156677246,0.23285573720932,0.0001623869018208,1.8075251579284668,25.486750141002176,39236.07342904169,25.486750141002176,9.03,0.7525,4.088619510332744,59.65747829943973,49152,1170816,158716928
1d-r3-B,3,1d,B,True,0.0,2000,2000000,4.047408103942871,4.047408103942871,0.1744339913129806,0.0,1.8527419567108157,50.94008759100166,39261.80920727924,25.47004379550083,9.034,0.7528333333333334,3.9180986285209656,50.30470585630451,49152,1170816,158716928
1d-r3-F,3,1d,F,False,0.1,250,250000,5.1329264640808105,5.125207901000977,0.0771861225366592,0.0002954100398908,1.362517476081848,8.383835466999017,29819.28748292661,33.53534186799607,12.0,1.0,5.064952582120895,158.37293218707967,49152,1170816,159044608
1d-r3-F,3,1d,F,False,0.1,500,500000,4.5581889152526855,4.550292015075684,0.0789702087640762,0.0002683710764094,1.8257756233215328,16.389488139999457,30507.35909071633,32.778976279998915,12.0,1.0,4.41376053293546,82.57942297240926,49152,1170816,159044608
1d-r3-F,3,1d,F,False,0.1,1000,1000000,4.314662456512451,4.30661153793335,0.0805114656686782,0.0001623869018208,1.7970364093780518,31.78419904899738,31462.1739707342,31.78419904899738,12.0,1.0,4.022767176230748,55.85545405875486,49152,1170816,159044608
1d-r3-F,3,1d,F,False,0.1,2000,2000000,3.99830174446106,3.989957809448242,0.083438865840435,0.0,2.066084384918213,63.60334846199908,31444.885345854625,31.801674230999534,12.0,1.0,3.85602830350399,47.27720727208612,49152,1170816,159044608
1d-r3-H,3,1d,H,True,0.1,250,250000,5.184807300567627,5.174857139587402,0.0995034128427505,0.0002954100398908,1.3772742748260498,6.540505862999453,38223.34315366715,26.16202345199781,8.984,0.7486666666666667,5.124327073494594,168.0610108830195,49152,1170816,158716928
1d-r3-H,3,1d,H,True,0.1,500,500000,4.587403297424316,4.571695327758789,0.1570795327425003,0.0002683710764094,1.4005720615386963,12.477406539996991,40072.42998753173,24.954813079993983,9.038,0.7531666666666667,4.440912793080012,84.85235898156242,49152,1170816,158716928
1d-r3-H,3,1d,H,True,0.1,1000,1000000,4.332864284515381,4.317900657653809,0.1496344208717346,0.0001623869018208,1.7175370454788208,24.702826903000187,40481.19690619493,24.702826903000187,9.03,0.7525,4.035087794065476,56.54788458908163,49152,1170816,158716928
1d-r3-H,3,1d,H,True,0.1,2000,2000000,4.007769584655762,3.996293067932129,0.1147655099630355,0.0,1.9726166725158687,48.855884781999976,40936.72663844299,24.427942390999988,9.034,0.7528333333333334,3.8639916628599167,47.65519569424527,49152,1170816,158716928
1d-r4-A,4,1d,A,False,0.0,250,250000,5.068309307098389,5.068309307098389,,0.0002954100398908,1.2207003831863403,7.83375158699846,31913.189641463818,31.33500634799384,12.0,1.0,5.098752448956172,163.81740918568013,49152,1170816,157502464
1d-r4-A,4,1d,A,False,0.0,500,500000,4.4508490562438965,4.4508490562438965,,0.0002683710764094,1.5023193359375,15.121285320000196,33065.9721987174,30.242570640000395,12.0,1.0,4.445231139659882,85.21957318420804,49152,1170816,157502464
1d-r4-A,4,1d,A,False,0.0,1000,1000000,4.425333023071289,4.425333023071289,,0.0001623869018208,1.875171422958374,29.67808925899999,33694.89158392319,29.67808925899999,12.0,1.0,4.056683128078778,57.78233626832191,49152,1170816,157502464
1d-r4-A,4,1d,A,False,0.0,2000,2000000,3.928244113922119,3.928244113922119,,0.0,1.7617812156677246,60.18873019299917,33228.8119983071,30.094365096499587,12.0,1.0,3.9024034341176352,49.52132743810031,49152,1170816,157502464
1d-r4-B,4,1d,B,True,0.0,250,250000,5.131157398223877,5.131157398223877,0.2321846485137939,0.0002954100398908,1.3637104034423828,7.041755173000411,35502.51235069252,28.167020692001643,9.092,0.7576666666666667,5.163744797309239,174.81788891385543,49152,1170816,158716928
1d-r4-B,4,1d,B,True,0.0,500,500000,4.487986564636231,4.487986564636231,0.1722964644432068,0.0002683710764094,1.6585988998413086,13.181012692999277,37933.352440026174,26.36202538599855,9.036,0.753,4.489234566688538,89.05325545615722,49152,1170816,158716928
1d-r4-B,4,1d,B,True,0.0,1000,1000000,4.426140785217285,4.426140785217285,0.2471742480993271,0.0001623869018208,1.548246145248413,25.68196539699716,38937.82989509534,25.68196539699716,9.008,0.7506666666666666,4.092340136567752,59.87985491191327,49152,1170816,158716928
1d-r4-B,4,1d,B,True,0.0,2000,2000000,3.9575159549713135,3.9575159549713135,0.2203259915113449,0.0,1.6035579442977903,50.76699321899992,39395.67567794197,25.38349660949996,8.9765,0.7480416666666666,3.927547658483187,50.78228932605748,49152,1170816,158716928
1d-r4-F,4,1d,F,False,0.1,250,250000,5.039731025695801,5.031937599182129,0.0779358297586441,0.0002954100398908,1.1906505823135376,8.196765303000348,30499.836308414237,32.78706121200139,12.0,1.0,5.062825719515483,158.03645266959305,49152,1170816,159044608
1d-r4-F,4,1d,F,False,0.1,500,500000,4.422373294830322,4.414151668548584,0.0822155028581619,0.0002683710764094,1.4329960346221924,15.792829218001316,31659.938387105423,31.585658436002632,12.0,1.0,4.417432546615601,82.88321316277867,49152,1170816,159044608
1d-r4-F,4,1d,F,False,0.1,1000,1000000,4.401889801025391,4.393503189086914,0.0838667601346969,0.0001623869018208,1.835586428642273,30.942140223005254,32318.38498542216,30.942140223005254,12.0,1.0,4.030186732610066,56.27141797487355,49152,1170816,159044608
1d-r4-F,4,1d,F,False,0.1,2000,2000000,3.904595851898194,3.8960230350494394,0.0857284218072891,0.0,1.831064224243164,62.07669173000363,32218.21176777268,31.038345865001816,12.0,1.0,3.870212932427725,47.95259565641462,49152,1170816,159044608
1d-r4-H,4,1d,H,True,0.1,250,250000,5.069470882415772,5.054303169250488,0.151677131652832,0.0002954100398908,1.0133858919143677,6.8073357370008125,36725.08741432304,27.22934294800325,9.092,0.7576666666666667,5.0901961624622345,162.42171997323334,49152,1170816,158716928
1d-r4-H,4,1d,H,True,0.1,500,500000,4.450922966003418,4.437440395355225,0.1348273456096649,0.0002683710764094,1.8482418060302732,12.993053615998631,38482.10088076132,25.986107231997263,9.036,0.753,4.443614174922307,85.08188748587669,49152,1170816,158716928
1d-r4-H,4,1d,H,True,0.1,1000,1000000,4.404629230499268,4.389488220214844,0.1514097452163696,0.0001623869018208,1.6440911293029783,24.81537296300121,40297.60106732881,24.81537296300121,9.008,0.7506666666666666,4.052330727378528,57.53139089104969,49152,1170816,158716928
1d-r4-H,4,1d,H,True,0.1,2000,2000000,3.92745852470398,3.913158178329468,0.1430039852857589,0.0,1.7272253036499023,48.12646322000319,41557.178030251016,24.063231610001598,8.9765,0.7480416666666666,3.879212900996208,48.38611541597049,49152,1170816,158716928
2d-r0-A,0,2d,A,False,0.0,250,250000,5.266005516052246,5.266005516052246,,0.0002954100398908,1.6930910348892212,10.565314850000275,23662.33316747711,42.26125940000111,12.0,1.0,5.130696564912796,169.13489045228056,49152,1173632,486587904
2d-r0-A,0,2d,A,False,0.0,500,500000,4.361454010009766,4.361454010009766,,0.0002683710764094,2.720073938369751,20.137776543001223,24828.9576027584,40.275553086002446,12.0,1.0,4.441201289494832,84.87684211439581,49152,1173632,486587904
2d-r0-A,0,2d,A,False,0.0,1000,1000000,3.960211992263794,3.960211992263794,,0.0001623869018208,2.275674343109131,39.585884604001535,25261.5297094792,39.585884604001535,12.0,1.0,4.024029731750488,55.92601920741963,49152,1173632,486587904
2d-r0-A,0,2d,A,False,0.0,2000,2000000,4.120298862457275,4.120298862457275,,0.0,2.220062732696533,77.24970077899957,25890.06792041456,38.62485038949978,12.0,1.0,3.863102937738101,47.61286213888017,49152,1173632,486587904
2d-r0-B,0,2d,B,True,0.0,250,250000,5.3446784019470215,5.3446784019470215,0.246503472328186,0.0002954100398908,2.791759967803955,8.573122627000316,29160.903311081354,34.292490508001265,8.932,0.7443333333333334,5.229663958152135,186.7300438668308,49152,1173632,492533248
2d-r0-B,0,2d,B,True,0.0,500,500000,4.406940460205078,4.406940460205078,0.2070818245410919,0.0002683710764094,2.213766098022461,16.500483691999875,30302.142005838345,33.00096738399975,8.914,0.7428333333333333,4.492457191149394,89.34070357540955,49152,1173632,492533248
2d-r0-B,0,2d,B,True,0.0,1000,1000000,3.9858338832855225,3.9858338832855225,0.2041278779506683,0.0001623869018208,1.6498786211013794,32.479043800998056,30789.08375896432,32.479043800998056,8.921,0.7434166666666666,4.0598863661289215,57.96772360785529,49152,1173632,492533248
2d-r0-B,0,2d,B,True,0.0,2000,2000000,4.155200481414795,4.155200481414795,0.3221715092658996,0.0,2.1611053943634038,63.68321700699892,31405.44862518795,31.841608503499454,8.952,0.746,3.893350392580032,49.07503201739963,49152,1173632,492533248
2d-r0-F,0,2d,F,False,0.1,250,250000,5.228210926055908,5.220992088317871,0.0721884071826934,0.0002954100398908,1.6395164728164673,11.062180090999846,22599.52359692636,44.24872036399938,12.0,1.0,5.0907036165396375,162.50416245340978,49152,1173632,491099648
2d-r0-F,0,2d,F,False,0.1,500,500000,4.329537391662598,4.321933269500732,0.0760424435138702,0.0002683710764094,2.6225733757019043,21.10586122499967,23690.101752765968,42.21172244999934,12.0,1.0,4.40822450319926,82.12352393091227,49152,1173632,491099648
2d-r0-F,0,2d,F,False,0.1,1000,1000000,3.936163902282715,3.9284262657165527,0.0773772150278091,0.0001623869018208,2.128471612930298,41.31504823099817,24204.25590232549,41.31504823099817,12.0,1.0,3.996794874469439,54.42343624792544,49152,1173632,491099648
2d-r0-F,0,2d,F,False,0.1,2000,2000000,4.093432903289795,4.085921764373779,0.0751113444566726,0.0,2.305974245071411,81.28830968199736,24603.783838341187,40.64415484099868,12.0,1.0,3.837047889828682,46.38832864781543,49152,1173632,491099648
2d-r0-H,0,2d,H,True,0.1,250,250000,5.308629035949707,5.297604084014893,0.110248327255249,0.0002954100398908,2.0013225078582764,9.012657353000009,27738.76673751316,36.05062941200004,8.932,0.7443333333333334,5.179679830869039,177.62593154818907,49152,1173632,492533248
2d-r0-H,0,2d,H,True,0.1,500,500000,4.3568525314331055,4.344772338867188,0.1207999438047409,0.0002683710764094,2.112876892089844,17.31650980900099,28874.178775916134,34.63301961800198,8.914,0.7428333333333333,4.441197524468104,84.87652255141826,49152,1173632,492533248
2d-r0-H,0,2d,H,True,0.1,1000,1000000,3.9595813751220703,3.948245048522949,0.11336400359869,0.0001623869018208,1.7615582942962646,33.8700097490007,29524.64458707468,33.8700097490007,8.921,0.7434166666666666,4.018554255366325,55.62063443651374,49152,1173632,492533248
2d-r0-H,0,2d,H,True,0.1,2000,2000000,4.105835914611816,4.090764999389648,0.1507109850645065,0.0,2.1769533157348637,66.57958475599969,30039.23811374888,33.289792377999845,8.952,0.746,3.84602356950442,46.80656961704887,49152,1173632,492533248
2d-r1-A,1,2d,A,False,0.0,250,250000,5.050970554351807,5.050970554351807,,0.0002954100398908,2.861926794052124,10.615022253999427,23551.528580715632,42.46008901599771,12.0,1.0,5.126273314158122,168.38841655812587,49152,1173632,486587904
2d-r1-A,1,2d,A,False,0.0,500,500000,4.5975847244262695,4.5975847244262695,,0.0002683710764094,2.860445261001587,20.55950323799948,24319.65374901986,41.11900647599896,12.0,1.0,4.426616996526718,83.64795637966735,49152,1173632,486587904
2d-r1-A,1,2d,A,False,0.0,1000,1000000,4.118852615356445,4.118852615356445,,0.0001623869018208,2.0022075176239014,40.33524270899977,24792.214768968668,40.33524270899977,12.0,1.0,4.019580120841662,55.67772300268637,49152,1173632,486587904
2d-r1-A,1,2d,A,False,0.0,2000,2000000,4.09003210067749,4.09003210067749,,0.0,2.098148822784424,79.8599826520009,25043.83213699446,39.92999132600045,12.0,1.0,3.863256484270096,47.6201734900419,49152,1173632,486587904
2d-r1-B,1,2d,B,True,0.0,250,250000,5.16331148147583,5.16331148147583,0.300929456949234,0.0002954100398908,2.271421194076538,8.603731445000449,29057.15986117544,34.414925780001795,8.84,0.7366666666666667,5.238982101281484,188.4781530592753,49152,1173632,492533248
2d-r1-B,1,2d,B,True,0.0,500,500000,4.619706153869629,4.619706153869629,0.1515556126832962,0.0002683710764094,2.0991244316101074,16.798118449000185,29765.23838178792,33.59623689800037,8.886,0.7404999999999999,4.476389239231746,87.91665287338492,49152,1173632,492533248
2d-r1-B,1,2d,B,True,0.0,1000,1000000,4.154262542724609,4.154262542724609,0.2654632329940796,0.0001623869018208,2.0984132289886475,32.84656452599904,30444.58421849475,32.84656452599904,8.947,0.7455833333333333,4.05992176135381,57.96977542478073,49152,1173632,492533248
2d-r1-B,1,2d,B,True,0.0,2000,2000000,4.115323066711426,4.115323066711426,0.2174391746520996,0.0,2.2047414779663086,64.25665646899824,31125.180018741485,32.12832823449912,8.9785,0.7482083333333334,3.8952954510847726,49.17057871763331,49152,1173632,492533248
2d-r1-F,1,2d,F,False,0.1,250,250000,5.017228603363037,5.009805679321289,0.0742299035191536,0.0002954100398908,1.6926556825637815,10.77600019900001,23199.70261537296,43.10400079600004,12.0,1.0,5.083276947339376,161.3017682138764,49152,1173632,491099648
2d-r1-F,1,2d,F,False,0.1,500,500000,4.576159477233887,4.568173885345459,0.0798579379916191,0.0002683710764094,2.7730300426483154,20.703899358000854,24150.04011342332,41.40779871600171,12.0,1.0,4.401068637768428,81.53795666396944,49152,1173632,491099648
2d-r1-F,1,2d,F,False,0.1,1000,1000000,4.101043701171875,4.093282699584961,0.0776092261075973,0.0001623869018208,2.0665292739868164,40.9898252770015,24396.29818478583,40.9898252770015,12.0,1.0,4.003899738192558,54.811484227459474,49152,1173632,491099648
2d-r1-F,1,2d,F,False,0.1,2000,2000000,4.083702564239502,4.076107501983643,0.0759521722793579,0.0,2.114853382110596,80.36845983200351,24885.38419400667,40.18422991600176,12.0,1.0,3.8406566927830377,46.55603741722624,49152,1173632,491099648
2d-r1-H,1,2d,H,True,0.1,250,250000,5.090452671051025,5.073890209197998,0.1656264662742614,0.0002954100398908,1.657470941543579,8.765305395999576,28521.53903434993,35.061221583998304,8.84,0.7366666666666667,5.171566744645436,176.19066713463732,49152,1173632,492533248
2d-r1-H,1,2d,H,True,0.1,500,500000,4.583430290222168,4.573852062225342,0.0957811996340751,0.0002683710764094,2.001784086227417,16.70348585699935,29933.871545171056,33.4069717139987,8.886,0.7404999999999999,4.425134638945262,83.5240520553007,49152,1173632,492533248
2d-r1-H,1,2d,H,True,0.1,1000,1000000,4.125380039215088,4.112175941467285,0.1320416778326034,0.0001623869018208,2.320969820022583,32.46200077499884,30805.248479020644,32.46200077499884,8.947,0.7455833333333333,4.018875276048978,55.638492676829,49152,1173632,492533248
2d-r1-H,1,2d,H,True,0.1,2000,2000000,4.094879150390625,4.084831237792969,0.1004798859357833,0.0,2.051035165786743,63.85781843300083,31319.579169438523,31.92890921650041,8.9785,0.7482083333333334,3.8518353601296735,47.07939162381694,49152,1173632,492533248
2d-r2-A,2,2d,A,False,0.0,250,250000,5.175732612609863,5.175732612609863,,0.0002954100398908,2.8471996784210205,10.539529782001637,23720.223308911296,42.15811912800655,12.0,1.0,5.111005117495854,165.83695675916667,49152,1173632,486587904
2d-r2-A,2,2d,A,False,0.0,500,500000,4.590842723846436,4.590842723846436,,0.0002683710764094,2.9349966049194336,20.237901096003043,24706.119356357038,40.475802192006086,12.0,1.0,4.417565802733104,82.89425859389023,49152,1173632,486587904
2d-r2-A,2,2d,A,False,0.0,1000,1000000,3.913980722427368,3.913980722427368,,0.0001623869018208,2.2788026332855225,39.54453965200423,25287.94136434756,39.54453965200423,12.0,1.0,4.020323346058528,55.719119471984,49152,1173632,486587904
2d-r2-A,2,2d,A,False,0.0,2000,2000000,3.866488218307495,3.866488218307495,,0.0,2.1071596145629883,77.34464565700296,25858.28641415355,38.67232282850148,12.0,1.0,3.862791314721108,47.5980271867091,49152,1173632,486587904
2d-r2-B,2,2d,B,True,0.0,250,250000,5.257255554199219,5.257255554199219,0.2793169617652893,0.0002954100398908,1.6475156545639038,9.267498908999867,26975.99454338425,37.06999563599948,9.176,0.7646666666666667,5.1895626584688825,179.390081040865,49152,1173632,492577792
2d-r2-B,2,2d,B,True,0.0,500,500000,4.647307395935059,4.647307395935059,0.1661327481269836,0.0002683710764094,2.632786512374878,17.537794155998654,28509.85680140277,35.07558831199731,9.15,0.7625000000000001,4.476414889097214,87.91890795262464,49152,1173632,492577792
2d-r2-B,2,2d,B,True,0.0,1000,1000000,3.956172227859497,3.956172227859497,0.3506292700767517,0.0001623869018208,1.9844521284103396,34.234226976999025,29210.532508061908,34.234226976999025,9.147,0.76225,4.0632147540648775,58.16098412435801,49152,1173632,492577792
2d-r2-B,2,2d,B,True,0.0,2000,2000000,3.9076180458068848,3.9076180458068848,0.2252860963344574,0.0,2.136008977890014,66.92629825999757,29883.61902566808,33.46314912999878,9.0505,0.7542083333333333,3.895588164528211,49.18497371374727,49152,1173632,492577792
2d-r2-F,2,2d,F,False,0.1,250,250000,5.173348426818848,5.165307521820068,0.0804106220602989,0.0002954100398908,4.637757778167725,10.919432225002083,22894.963295580357,43.67772890000833,12.0,1.0,5.0828509132067365,161.233062791429,49152,1173632,491099648
2d-r2-F,2,2d,F,False,0.1,500,500000,4.5833048820495605,4.575432777404785,0.0787228271365165,0.0002683710764094,2.772456407546997,21.54727781500401,23204.787365382886,43.09455563000802,12.0,1.0,4.3985312183698015,81.33132294008317,49152,1173632,491099648
2d-r2-F,2,2d,F,False,0.1,1000,1000000,3.890451669692993,3.882703065872192,0.0774862989783287,0.0001623869018208,2.306069612503052,42.099320897002826,23753.3522796372,42.099320897002826,12.0,1.0,3.9996089935302734,54.57680597635026,49152,1173632,491099648
2d-r2-F,2,2d,F,False,0.1,2000,2000000,3.843369960784912,3.835542917251587,0.0782708972692489,0.0,2.0640602111816406,81.95745893800472,24402.90396890983,40.97872946900236,12.0,1.0,3.839148039619128,46.48585345901469,49152,1173632,491099648
2d-r2-H,2,2d,H,True,0.1,250,250000,5.210038661956787,5.195988655090332,0.1404978930950164,0.0002954100398908,1.7293274402618408,9.330606365000904,26793.542693832824,37.322425460003615,9.176,0.7646666666666667,5.123887072006862,167.9870800542313,49152,1173632,492577792
2d-r2-H,2,2d,H,True,0.1,500,500000,4.609979152679443,4.601357460021973,0.0862183570861816,0.0002683710764094,2.438596487045288,17.724621729000546,28209.34672935296,35.44924345800109,9.15,0.7625000000000001,4.429420391718547,83.88278366143194,49152,1173632,492577792
2d-r2-H,2,2d,H,True,0.1,1000,1000000,3.9320602416992183,3.9134037494659424,0.1865642070770263,0.0001623869018208,1.84604012966156,34.482560052004374,29000.166997225973,34.482560052004374,9.147,0.76225,4.024539237221082,55.95452108046786,49152,1173632,492577792
2d-r2-H,2,2d,H,True,0.1,2000,2000000,3.869577646255493,3.859623908996582,0.099538505077362,0.0,2.132237434387207,66.69685946700838,29986.419390395746,33.34842973350419,9.0505,0.7542083333333333,3.8529284497102094,47.13088175279376,49152,1173632,492577792
2d-r3-A,3,2d,A,False,0.0,250,250000,5.18546199798584,5.18546199798584,,0.0002954100398908,2.2333993911743164,10.539894478999486,23719.40255171621,42.15957791599794,12.0,1.0,5.110788454612096,165.80102993802635,49152,1173632,486587904
2d-r3-A,3,2d,A,False,0.0,500,500000,4.590771675109863,4.590771675109863,,0.0002683710764094,3.2365663051605225,20.02669770100033,24966.672362314886,40.05339540200066,12.0,1.0,4.446857303380966,85.35826690122843,49152,1173632,486587904
2d-r3-A,3,2d,A,False,0.0,1000,1000000,4.340657234191895,4.340657234191895,,0.0001623869018208,2.4662485122680664,39.22226847600018,25495.72064175464,39.22226847600018,12.0,1.0,4.046556711196899,57.2001608930239,49152,1173632,486587904
2d-r3-A,3,2d,A,False,0.0,2000,2000000,4.031353950500488,4.031353950500488,,0.0,2.5740902423858643,77.53947575699863,25793.313411968516,38.76973787849931,12.0,1.0,3.88470621407032,48.652646896575725,49152,1173632,486587904
2d-r3-B,3,2d,B,True,0.0,250,250000,5.265615463256836,5.265615463256836,0.174770712852478,0.0002954100398908,2.172642469406128,8.727047079995828,28646.574002453934,34.90818831998331,8.984,0.7486666666666667,5.19167897105217,179.7701285344895,49152,1173632,492533248
2d-r3-B,3,2d,B,True,0.0,500,500000,4.6280598640441895,4.6280598640441895,0.2829927206039428,0.0002683710764094,2.845848798751831,17.01480726499426,29386.16889470647,34.02961452998852,9.038,0.7531666666666667,4.491040637095769,89.21423723395795,49152,1173632,492533248
2d-r3-B,3,2d,B,True,0.0,1000,1000000,4.361233234405518,4.361233234405518,0.2601533532142639,0.0001623869018208,2.137056589126587,33.20753867299686,30113.644068813897,33.20753867299686,9.03,0.7525,4.0816990087429685,59.24604393419513,49152,1173632,492533248
2d-r3-B,3,2d,B,True,0.0,2000,2000000,4.061046123504639,4.061046123504639,0.2321880161762237,0.0,2.2114176750183105,65.90516831000014,30346.633675109355,32.95258415500007,9.034,0.7528333333333334,3.918052698175112,50.30239539682699,49152,1173632,492533248
2d-r3-F,3,2d,F,False,0.1,250,250000,5.148069381713867,5.140230655670166,0.0783876180648803,0.0002954100398908,1.781031847000122,11.094822559002296,22533.03274302039,44.37929023600918,12.0,1.0,5.069848388433456,159.1501965034785,49152,1173632,491099648
2d-r3-F,3,2d,F,False,0.1,500,500000,4.56590747833252,4.558052062988281,0.078556403517723,0.0002683710764094,2.622232675552368,21.438693614999693,23322.316600959883,42.877387229999385,12.0,1.0,4.416920632123947,82.84079490303311,49152,1173632,491099648
2d-r3-F,3,2d,F,False,0.1,1000,1000000,4.313254833221436,4.3056182861328125,0.0763656795024871,0.0001623869018208,2.0454893112182617,42.49814191699875,23530.44050615333,42.49814191699875,12.0,1.0,4.017914245525996,55.58504807217542,49152,1173632,491099648
2d-r3-F,3,2d,F,False,0.1,2000,2000000,4.011285781860352,4.00373125076294,0.0755432695150375,0.0,2.7255699634552,83.60369711899762,23922.387034550557,41.80184855949881,12.0,1.0,3.85486779610316,47.222373546782336,49152,1173632,491099648
2d-r3-H,3,2d,H,True,0.1,250,250000,5.210077285766602,5.200024604797363,0.1005291193723678,0.0002954100398908,1.5844776630401611,8.711179615997025,28698.75390250309,34.8447184639881,8.984,0.7486666666666667,5.136614163716634,170.13873010851503,49152,1173632,492533248
2d-r3-H,3,2d,H,True,0.1,500,500000,4.606249809265137,4.591928482055664,0.1432144939899444,0.0002683710764094,3.049683094024658,16.734316507995572,29878.72254962445,33.468633015991145,9.038,0.7531666666666667,4.447951287031174,85.45169854665643,49152,1173632,492533248
2d-r3-H,3,2d,H,True,0.1,1000,1000000,4.314687728881836,4.301194190979004,0.1349360197782516,0.0001623869018208,2.0301389694213867,32.82369489099506,30465.79622802741,32.82369489099506,9.03,0.7525,4.03386951982975,56.47903570512813,49152,1173632,492533248
2d-r3-H,3,2d,H,True,0.1,2000,2000000,4.015949726104736,4.006047248840332,0.0990228056907653,0.0,2.37044358253479,64.18928112499407,31157.85011060419,32.094640562497034,9.034,0.7528333333333334,3.863213742772738,47.618138176019,49152,1173632,492533248
2d-r4-A,4,2d,A,False,0.0,250,250000,5.137788772583008,5.137788772583008,,0.0002954100398908,2.781989097595215,10.362067461001516,24126.45940985188,41.44826984400606,12.0,1.0,5.144435495138168,171.47465906564744,49152,1173632,486587904
2d-r4-A,4,2d,A,False,0.0,500,500000,4.4585137367248535,4.4585137367248535,,0.0002683710764094,2.317922353744507,20.337612131003425,24584.990449187542,40.67522426200685,12.0,1.0,4.458875844875972,86.39033834754498,49152,1173632,486587904
2d-r4-A,4,2d,A,False,0.0,1000,1000000,4.409857273101807,4.409857273101807,,0.0001623869018208,2.434414863586426,40.42691054800434,24735.99853277348,40.42691054800434,12.0,1.0,4.056165372331937,57.75242687520131,49152,1173632,486587904
2d-r4-A,4,2d,A,False,0.0,2000,2000000,3.940440654754639,3.940440654754639,,0.0,2.2361810207366943,79.82529105700655,25054.716036947702,39.91264552850328,12.0,1.0,3.9004564930995302,49.42500613081825,49152,1173632,486587904
2d-r4-B,4,2d,B,True,0.0,250,250000,5.246973037719727,5.246973037719727,0.2697045803070068,0.0002954100398908,1.8542931079864504,9.112972855999487,27433.41870434888,36.45189142399795,9.092,0.7576666666666667,5.252644071976344,191.07080611169255,49152,1173632,492533248
2d-r4-B,4,2d,B,True,0.0,500,500000,4.524530410766602,4.524530410766602,0.1992458999156952,0.0002683710764094,2.1268341541290283,17.535005820999686,28514.39030611594,35.07001164199937,9.036,0.753,4.52696818113327,92.47775981096014,49152,1173632,492533248
2d-r4-B,4,2d,B,True,0.0,1000,1000000,4.4352216720581055,4.4352216720581055,0.2791498005390167,0.0001623869018208,1.9637248516082764,33.96096600799956,29445.56994534397,33.96096600799956,9.008,0.7506666666666666,4.098099052906036,60.22569285678267,49152,1173632,492533248
2d-r4-B,4,2d,B,True,0.0,2000,2000000,3.971502065658569,3.971502065658569,0.252770721912384,0.0,1.9945098161697388,66.43012630599947,30106.822178650214,33.21506315299973,8.9765,0.7480416666666666,3.9296648651361465,50.88991982466993,49152,1173632,492533248
2d-r4-F,4,2d,F,False,0.1,250,250000,5.1008782386779785,5.093332290649414,0.0754605457186698,0.0002954100398908,1.5717175006866455,11.211750576999975,22298.03439552565,44.8470023079999,12.0,1.0,5.104604522387187,164.77889128145767,49152,1173632,491099648
2d-r4-F,4,2d,F,False,0.1,500,500000,4.420457363128662,4.412452220916748,0.0800492912530899,0.0002683710764094,2.5676469802856445,21.60376951700073,23144.109161437464,43.20753903400146,12.0,1.0,4.419091194868088,83.02080133309738,49152,1173632,491099648
2d-r4-F,4,2d,F,False,0.1,1000,1000000,4.386776924133301,4.379092693328857,0.0768424868583679,0.0001623869018208,2.591735601425171,42.23624362399983,23676.34794661928,42.23624362399983,12.0,1.0,4.028962602217992,56.20257656595236,49152,1173632,491099648
2d-r4-F,4,2d,F,False,0.1,2000,2000000,3.909432172775269,3.9016406536102295,0.0779163539409637,0.0,2.307666301727295,83.40661703000433,23978.91283949964,41.70330851500216,12.0,1.0,3.871293157339096,48.00442323248726,49152,1173632,491099648
2d-r4-H,4,2d,H,True,0.1,250,250000,5.166259288787842,5.152668476104736,0.1359066367149353,0.0002954100398908,1.7319000959396362,8.952026665003814,27926.63710188954,35.808106660015255,9.092,0.7576666666666667,5.163991580406825,174.86103633780343,49152,1173632,492533248
2d-r4-H,4,2d,H,True,0.1,500,500000,4.455248355865479,4.4431986808776855,0.1204950213432312,0.0002683710764094,1.663636326789856,16.741186703005496,29866.46101439371,33.48237340601099,9.036,0.753,4.458326945702235,86.34293177411195,49152,1173632,492533248
2d-r4-H,4,2d,H,True,0.1,1000,1000000,4.40126895904541,4.387944221496582,0.133247509598732,0.0001623869018208,2.0751020908355717,32.24809303900702,31009.585552559915,32.24809303900702,9.008,0.7506666666666666,4.057646945118904,57.83805471551676,49152,1173632,492533248
2d-r4-H,4,2d,H,True,0.1,2000,2000000,3.921589374542236,3.9094388484954834,0.1215059161186218,0.0,2.061251163482666,62.95910939300029,31766.65012072673,31.479554696500145,8.9765,0.7480416666666666,3.882207815845808,48.53124492833162,49152,1173632,492533248
