run,topology,variant,random_depth,step_embedding_init_scale,stability_weight,step,consumed_tokens,train_loss,main_loss,stability_loss,learning_rate,grad_norm,training_elapsed_seconds,training_tokens_per_second,seconds_per_million_tokens,avg_recurrent_iterations,recurrent_iteration_fraction,validation_nll,validation_ppl,validation_tokens,parameters,peak_vram_bytes
1d-A,1d,A,False,1.0,0.0,250,250000,5.183289527893066,5.183289527893066,,0.0002954100398908,1.247545599937439,8.637709577000294,28942.85779944225,34.550838308001175,12.0,1.0,5.069241752227147,159.05367951034944,49152,1170816,157502464
1d-A,1d,A,False,1.0,0.0,500,500000,4.299493312835693,4.299493312835693,,0.0002683710764094,1.6695125102996826,16.125166807000255,31007.431177886487,32.25033361400051,12.0,1.0,4.416762938102086,82.82773243487433,49152,1170816,157502464
1d-A,1d,A,False,1.0,0.0,1000,1000000,3.973703384399414,3.973703384399414,,0.0001623869018208,1.9347304105758667,31.058365271000863,32197.4447552041,31.058365271000863,12.0,1.0,4.020360812544823,55.72120711071805,49152,1170816,157502464
1d-A,1d,A,False,1.0,0.0,2000,2000000,4.133346557617188,4.133346557617188,,0.0,1.8227882385253904,60.91819391100006,32830.91424085799,30.45909695550003,12.0,1.0,3.859876985351245,47.45951279444928,49152,1170816,157502464
1d-B,1d,B,True,1.0,0.0,250,250000,5.286871910095215,5.286871910095215,0.1915460228919983,0.0002954100398908,1.64958655834198,7.0596855629996185,35412.342060993506,28.238742251998477,8.932,0.7443333333333334,5.185621231794357,178.68441975993116,49152,1170816,158716928
1d-B,1d,B,True,1.0,0.0,500,500000,4.349876880645752,4.349876880645752,0.18734672665596,0.0002683710764094,1.5973098278045654,13.235350386999473,37777.61716766706,26.470700773998946,8.914,0.7428333333333333,4.458304266134898,86.34097357598232,49152,1170816,158716928
1d-B,1d,B,True,1.0,0.0,1000,1000000,3.988903284072876,3.988903284072876,0.1669641435146331,0.0001623869018208,1.6521512269973757,25.76084427899985,38818.60350420256,25.76084427899985,8.921,0.7434166666666666,4.054434388875961,57.65254485174271,49152,1170816,158716928
1d-B,1d,B,True,1.0,0.0,2000,2000000,4.1707634925842285,4.1707634925842285,0.269122838973999,0.0,1.7158172130584717,50.72782647499986,39426.09291540725,25.36391323749993,8.952,0.746,3.885349656144778,48.68396213031177,49152,1170816,158716928
1d-C,1d,C,True,0.25,0.0,250,250000,5.285315990447998,5.285315990447998,0.1943679302930832,0.0002954100398908,2.630195379257202,6.964271338999936,35897.509995051376,27.857085355999743,8.932,0.7443333333333334,5.159986168146133,174.1620466044726,49152,1170816,158716928
1d-C,1d,C,True,0.25,0.0,500,500000,4.341657161712647,4.341657161712647,0.1942632049322128,0.0002683710764094,1.765122890472412,13.088052511999308,38202.7807071826,26.176105023998616,8.914,0.7428333333333333,4.452847838401794,85.87114325652371,49152,1170816,158716928
1d-C,1d,C,True,0.25,0.0,1000,1000000,3.9869384765625,3.9869384765625,0.1917192190885543,0.0001623869018208,1.713510513305664,25.220011020999262,39651.05325161662,25.220011020999262,8.921,0.7434166666666666,4.048271829883258,57.29835013686797,49152,1170816,158716928
1d-C,1d,C,True,0.25,0.0,2000,2000000,4.1695051193237305,4.1695051193237305,0.2548996210098266,0.0,1.7088866233825684,49.772458222995226,40182.86561293422,24.886229111497613,8.952,0.746,3.8833986669778815,48.58907284167962,49152,1170816,158716928
1d-D,1d,D,True,0.25,0.1,250,250000,5.230867862701416,5.21724271774292,0.1362507492303848,0.0002954100398908,2.16935133934021,6.735039093000523,37119.30941274205,26.940156372002093,8.932,0.7443333333333334,5.129097203413646,168.86459882495552,49152,1170816,158716928
1d-D,1d,D,True,0.25,0.1,500,500000,4.299697399139404,4.2848076820373535,0.1488962471485138,0.0002683710764094,1.65980863571167,13.035480471000824,38356.85237013834,26.070960942001648,8.914,0.7428333333333333,4.410718699296315,82.32861176209006,49152,1170816,158716928
1d-D,1d,D,True,0.25,0.1,1000,1000000,3.940582275390625,3.928008317947388,0.125739574432373,0.0001623869018208,1.6956944465637207,25.72268429500025,38876.191478755245,25.72268429500025,8.921,0.7434166666666666,4.0009405215581255,54.64952492609426,49152,1170816,158716928
1d-D,1d,D,True,0.25,0.1,2000,2000000,4.110953330993652,4.093250751495361,0.1770262420177459,0.0,1.685311794281006,51.09512651899706,39142.67634226141,25.54756325949853,8.952,0.746,3.8308342744906745,46.10098306938179,49152,1170816,158716928
1d-E,1d,E,False,0.25,0.0,250,250000,5.174463272094727,5.174463272094727,,0.0002954100398908,1.3026329278945925,7.99814037199917,31257.265860853026,31.99256148799668,12.0,1.0,5.062938590844472,158.05429146075969,49152,1170816,157502464
1d-E,1d,E,False,0.25,0.0,500,500000,4.285094738006592,4.285094738006592,,0.0002683710764094,1.6712709665298462,15.995225839998511,31259.32731438361,31.990451679997022,12.0,1.0,4.402949035167694,81.69142467082177,49152,1170816,157502464
1d-E,1d,E,False,0.25,0.0,1000,1000000,3.964534759521485,3.964534759521485,,0.0001623869018208,2.0110955238342285,30.929044483000663,32332.068989380638,30.929044483000663,12.0,1.0,4.0134276151657104,55.33621713155393,49152,1170816,157502464
1d-E,1d,E,False,0.25,0.0,2000,2000000,4.127145290374756,4.127145290374756,,0.0,1.828481912612915,61.26413095199939,32645.529593278738,30.632065475999696,12.0,1.0,3.852590853969256,47.11497325331851,49152,1170816,157502464
1d-F,1d,F,False,1.0,0.1,250,250000,5.158914089202881,5.151103496551514,0.0781036242842674,0.0002954100398908,1.3927159309387207,8.95726120999916,27910.317019773887,35.82904483999664,12.0,1.0,5.03916722536087,154.3414298635337,49152,1170816,159044608
1d-F,1d,F,False,1.0,0.1,500,500000,4.281968593597412,4.273929595947266,0.0803919211030006,0.0002683710764094,1.7469638586044312,17.117529579999314,29209.822460842508,34.23505915999863,12.0,1.0,4.387514978647232,80.440274601938,49152,1170816,159044608
1d-F,1d,F,False,1.0,0.1,1000,1000000,3.9503462314605713,3.9420783519744873,0.0826797783374786,0.0001623869018208,2.0084211826324463,33.070753916999706,30238.19785027518,33.070753916999706,12.0,1.0,3.9939340502023697,54.26796285787057,49152,1170816,159044608
1d-F,1d,F,False,1.0,0.1,2000,2000000,4.106130123138428,4.097651481628418,0.0847851037979126,0.0,1.863905668258667,64.64094111799898,30940.143590253345,32.32047055899949,12.0,1.0,3.830707376201948,46.09513330469208,49152,1170816,159044608
1d-G,1d,G,False,0.25,0.1,250,250000,5.149236679077148,5.140023708343506,0.0921317189931869,0.0002954100398908,1.4765403270721436,8.719877338000288,28670.12806596796,34.87950935200115,12.0,1.0,5.026453336079915,152.39157141997367,49152,1170816,159044608
1d-G,1d,G,False,0.25,0.1,500,500000,4.268782615661621,4.259805202484131,0.0897753685712814,0.0002683710764094,1.762806057929993,16.992448801000933,29424.834869624425,33.984897602001865,12.0,1.0,4.375116288661957,79.44907804206433,49152,1170816,159044608
1d-G,1d,G,False,0.25,0.1,1000,1000000,3.937530279159546,3.9286391735076895,0.088910661637783,0.0001623869018208,2.096922874450684,33.5015792719995,29849.33909774804,33.5015792719995,12.0,1.0,3.982338895400365,53.642351467516896,49152,1170816,159044608
1d-G,1d,G,False,0.25,0.1,2000,2000000,4.088050365447998,4.07892370223999,0.0912676081061363,0.0,1.8910579681396484,65.81499347299655,30388.212388421594,32.907496736498274,12.0,1.0,3.818272948265076,45.52551546662339,49152,1170816,159044608
1d-H,1d,H,True,1.0,0.1,250,250000,5.264044284820557,5.250949859619141,0.1309450566768646,0.0002954100398908,2.3951704502105717,6.943181154999252,36006.55008403377,27.772724619997007,8.932,0.7443333333333334,5.177727450927098,177.27947655820358,49152,1170816,158716928
1d-H,1d,H,True,1.0,0.1,500,500000,4.308568000793457,4.29360294342041,0.1496494114398956,0.0002683710764094,1.521744966506958,13.013971175998904,38420.24799640928,26.027942351997808,8.914,0.7428333333333333,4.421576897303264,83.22742303478677,49152,1170816,158716928
1d-H,1d,H,True,1.0,0.1,1000,1000000,3.9491913318634033,3.9370980262756343,0.1209338009357452,0.0001623869018208,1.7016067504882812,25.92979580799852,38565.67199389714,25.92979580799852,8.921,0.7434166666666666,4.010859409968059,55.1942847049079,49152,1170816,158716928
1d-H,1d,H,True,1.0,0.1,2000,2000000,4.119454383850098,4.101764678955078,0.1768971979618072,0.0,1.678769826889038,51.43309701099918,38885.46706748559,25.71654850549959,8.952,0.746,3.8387568990389513,46.46767451081664,49152,1170816,158716928
2d-A,2d,A,False,1.0,0.0,250,250000,5.266005516052246,5.266005516052246,,0.0002954100398908,1.6930910348892212,12.120458281000596,20626.28278601372,48.48183312400238,12.0,1.0,5.130696564912796,169.13489045228056,49152,1173632,486587904
2d-A,2d,A,False,1.0,0.0,500,500000,4.361454010009766,4.361454010009766,,0.0002683710764094,2.720073938369751,22.76247107400178,21965.980687003543,45.52494214800356,12.0,1.0,4.441201289494832,84.87684211439581,49152,1173632,486587904
2d-A,2d,A,False,1.0,0.0,1000,1000000,3.960211992263794,3.960211992263794,,0.0001623869018208,2.275674343109131,43.54571607800296,22964.371471322487,43.54571607800296,12.0,1.0,4.024029731750488,55.92601920741963,49152,1173632,486587904
2d-A,2d,A,False,1.0,0.0,2000,2000000,4.120298862457275,4.120298862457275,,0.0,2.220062732696533,85.14459163700388,23489.45436871176,42.57229581850194,12.0,1.0,3.863102937738101,47.61286213888017,49152,1173632,486587904
2d-B,2d,B,True,1.0,0.0,250,250000,5.3446784019470215,5.3446784019470215,0.246503472328186,0.0002954100398908,2.791759967803955,9.355935290999753,26721.005674386783,37.42374116399901,8.932,0.7443333333333334,5.229663958152135,186.7300438668308,49152,1173632,492533248
2d-B,2d,B,True,1.0,0.0,500,500000,4.406940460205078,4.406940460205078,0.2070818245410919,0.0002683710764094,2.213766098022461,17.976043570999593,27814.79684476513,35.952087141999186,8.914,0.7428333333333333,4.492457191149394,89.34070357540955,49152,1173632,492533248
2d-B,2d,B,True,1.0,0.0,1000,1000000,3.9858338832855225,3.9858338832855225,0.2041278779506683,0.0001623869018208,1.6498786211013794,35.07243814699899,28512.41752309045,35.07243814699899,8.921,0.7434166666666666,4.0598863661289215,57.96772360785529,49152,1173632,492533248
2d-B,2d,B,True,1.0,0.0,2000,2000000,4.155200481414795,4.155200481414795,0.3221715092658996,0.0,2.1611053943634038,69.02677329499994,28974.264687885578,34.51338664749997,8.952,0.746,3.893350392580032,49.07503201739963,49152,1173632,492533248
2d-C,2d,C,True,0.25,0.0,250,250000,5.357648849487305,5.357648849487305,0.2327610850334167,0.0002954100398908,3.998220443725586,9.06404253299968,27581.512232518653,36.25617013199872,8.932,0.7443333333333334,5.216590811808904,184.304782118676,49152,1173632,492533248
2d-C,2d,C,True,0.25,0.0,500,500000,4.392149925231934,4.392149925231934,0.2040483802556991,0.0002683710764094,2.1639111042022705,17.213627385999587,29046.75399251796,34.42725477199917,8.914,0.7428333333333333,4.479776193698247,88.21492740951346,49152,1173632,492533248
2d-C,2d,C,True,0.25,0.0,1000,1000000,3.975286960601807,3.975286960601807,0.2179887294769287,0.0001623869018208,1.699715256690979,33.45978470399973,29886.62386343632,33.45978470399973,8.921,0.7434166666666666,4.053119083245595,57.57676398332098,49152,1173632,492533248
2d-C,2d,C,True,0.25,0.0,2000,2000000,4.143701076507568,4.143701076507568,0.3115340173244476,0.0,2.235968351364136,66.01636872299923,30295.51668301965,33.008184361499616,8.952,0.746,3.886796702941259,48.75446109710273,49152,1173632,492533248
2d-D,2d,D,True,0.25,0.1,250,250000,5.287566184997559,5.276139259338379,0.114267848432064,0.0002954100398908,2.432558059692383,9.135604729999612,27365.45717428501,36.54241891999845,8.932,0.7443333333333334,5.170913477738698,176.0756051896945,49152,1173632,492533248
2d-D,2d,D,True,0.25,0.1,500,500000,4.3450927734375,4.332617282867432,0.1247555166482925,0.0002683710764094,2.40700912475586,17.971603391000258,27821.66894749012,35.94320678200052,8.914,0.7428333333333333,4.428585310777028,83.8127639875914,49152,1173632,492533248
2d-D,2d,D,True,0.25,0.1,1000,1000000,3.948488235473633,3.9370274543762207,0.1146077737212181,0.0001623869018208,1.7786701917648315,34.879066750001016,28670.4918789139,34.879066750001016,8.921,0.7434166666666666,4.009977892041206,55.14565139219855,49152,1173632,492533248
2d-D,2d,D,True,0.25,0.1,2000,2000000,4.090043544769287,4.075186729431152,0.1485690772533416,0.0,2.1929192543029785,68.07620261500244,29378.84199138989,34.03810130750122,8.952,0.746,3.838899066050848,46.47428115086365,49152,1173632,492533248
2d-E,2d,E,False,0.25,0.0,250,250000,5.265639781951904,5.265639781951904,,0.0002954100398908,2.044651508331299,11.00177270000097,22723.61071411501,44.00709080000388,12.0,1.0,5.132234404484431,169.39519288014915,49152,1173632,486587904
2d-E,2d,E,False,0.25,0.0,500,500000,4.354881286621094,4.354881286621094,,0.0002683710764094,2.7079286575317383,21.983826326001008,22743.993360638648,43.967652652002016,12.0,1.0,4.438976943492889,84.68825646760153,49152,1173632,486587904
2d-E,2d,E,False,0.25,0.0,1000,1000000,3.953454971313477,3.953454971313477,,0.0001623869018208,2.3750433921813965,42.77412542900015,23378.619433374,42.77412542900015,12.0,1.0,4.018577267726262,55.621914413300885,49152,1173632,486587904
2d-E,2d,E,False,0.25,0.0,2000,2000000,4.115444660186768,4.115444660186768,,0.0,2.258941411972046,84.40477392699847,23695.342182064207,42.20238696349924,12.0,1.0,3.8576144725084314,47.352256417456815,49152,1173632,486587904
2d-F,2d,F,False,1.0,0.1,250,250000,5.228210926055908,5.220992088317871,0.0721884071826934,0.0002954100398908,1.6395164728164673,12.039633683000602,20764.751368888265,48.15853473200241,12.0,1.0,5.0907036165396375,162.50416245340978,49152,1173632,491099648
2d-F,2d,F,False,1.0,0.1,500,500000,4.329537391662598,4.321933269500732,0.0760424435138702,0.0002683710764094,2.6225733757019043,22.72694171400008,22000.32042551479,45.45388342800016,12.0,1.0,4.40822450319926,82.12352393091227,49152,1173632,491099648
2d-F,2d,F,False,1.0,0.1,1000,1000000,3.936163902282715,3.9284262657165527,0.0773772150278091,0.0001623869018208,2.128471612930298,44.24478962699868,22601.531353870163,44.24478962699868,12.0,1.0,3.996794874469439,54.42343624792544,49152,1173632,491099648
2d-F,2d,F,False,1.0,0.1,2000,2000000,4.093432903289795,4.085921764373779,0.0751113444566726,0.0,2.305974245071411,86.56308416999764,23104.53721903304,43.28154208499882,12.0,1.0,3.837047889828682,46.38832864781543,49152,1173632,491099648
2d-G,2d,G,False,0.25,0.1,250,250000,5.222028255462647,5.213778495788574,0.0824982970952987,0.0002954100398908,1.6845632791519165,11.689333664999708,21387.0188981389,46.75733465999883,12.0,1.0,5.08448604742686,161.49691614885353,49152,1173632,491099648
2d-G,2d,G,False,0.25,0.1,500,500000,4.316022872924805,4.30769681930542,0.0832587033510208,0.0002683710764094,2.825368642807007,22.8377827180002,21893.543965015127,45.6755654360004,12.0,1.0,4.399023681879044,81.37138551265741,49152,1173632,491099648
2d-G,2d,G,False,0.25,0.1,1000,1000000,3.9314095973968506,3.923172473907471,0.0823715180158615,0.0001623869018208,2.1421024799346924,44.36762580100003,22538.95677188705,44.36762580100003,12.0,1.0,3.987312987446785,53.90983816151764,49152,1173632,491099648
2d-G,2d,G,False,0.25,0.1,2000,2000000,4.083661079406738,4.0757341384887695,0.07926756888628,0.0,2.318812608718872,87.04221159000087,22977.357347268437,43.52110579500044,12.0,1.0,3.828096469243368,45.97494017520731,49152,1173632,491099648
2d-H,2d,H,True,1.0,0.1,250,250000,5.308629035949707,5.297604084014893,0.110248327255249,0.0002954100398908,2.0013225078582764,8.97640885899989,27850.781300959352,35.90563543599956,8.932,0.7443333333333334,5.179679830869039,177.62593154818907,49152,1173632,492533248
2d-H,2d,H,True,1.0,0.1,500,500000,4.3568525314331055,4.344772338867188,0.1207999438047409,0.0002683710764094,2.112876892089844,17.713620570999524,28226.86632559989,35.42724114199905,8.914,0.7428333333333333,4.441197524468104,84.87652255141826,49152,1173632,492533248
2d-H,2d,H,True,1.0,0.1,1000,1000000,3.9595813751220703,3.948245048522949,0.11336400359869,0.0001623869018208,1.7615582942962646,34.26386457499973,29185.265947193813,34.26386457499973,8.921,0.7434166666666666,4.018554255366325,55.62063443651374,49152,1173632,492533248
2d-H,2d,H,True,1.0,0.1,2000,2000000,4.105835914611816,4.090764999389648,0.1507109850645065,0.0,2.1769533157348637,66.75763576300085,29959.11968932342,33.378817881500424,8.952,0.746,3.84602356950442,46.80656961704887,49152,1173632,492533248
