run,evolution_step,reaction_rms,diffusion_rms,diffusion_to_reaction,state_residual,activity_entropy,connectome_entropy,nonlocal_mass,activity_r0,activity_r1,activity_r2,activity_r3,activity_r4,activity_r5,activity_r6,activity_r7
r0-D,1,0.0440863631665706,0.0195885561406612,0.4443223476409912,0.2800735235214233,0.9152792096138,0.8275081515312195,0.4385095238685608,1.1061574220657349,0.2621849477291107,0.2607060968875885,0.2504922747611999,0.2503461837768554,0.250000536441803,0.2603246867656708,0.359788030385971
r0-D,2,0.02080749720335,0.016970282420516,0.8155850172042847,0.127897098660469,0.9073879718780518,0.8273001909255981,0.4383888244628906,1.234000563621521,0.2272301316261291,0.2232485115528106,0.2127184271812439,0.234491690993309,0.2185872495174408,0.2646279633045196,0.3850957155227661
r0-D,3,0.013666545972228,0.0153923695906996,1.1262809038162231,0.0974991545081138,0.9417840838432312,0.826791524887085,0.4378626346588135,1.016933798789978,0.226049467921257,0.2204377949237823,0.2537431418895721,0.4330113530158996,0.2584446668624878,0.2918585538864136,0.2995214760303497
r0-D,4,0.0122944433242082,0.0139682674780488,1.136144757270813,0.0953995212912559,0.9382309317588806,0.8259850740432739,0.4370415806770324,0.8087859153747559,0.2060745507478714,0.1895202249288559,0.3059921264648437,0.6379779577255249,0.294835478067398,0.2835065126419067,0.2733074128627777
r0-D,5,0.0189109742641448,0.0126985814422369,0.6714926958084106,0.1368622928857803,0.9235231280326844,0.8256334662437439,0.4367005825042724,1.102373480796814,0.2075235098600387,0.1914498507976532,0.2667942941188812,0.4728551805019378,0.2459709197282791,0.2745321094989776,0.2385007739067077
r0-D,6,0.0180982071906328,0.0116909090429544,0.6459705829620361,0.1305045932531356,0.8877860903739929,0.82535719871521,0.4365628063678741,1.3468470573425293,0.1991141140460968,0.187864750623703,0.2249236553907394,0.3621470332145691,0.2116106003522873,0.2650262415409088,0.2024665772914886
r0-D,7,0.0128320595249533,0.0110421217978,0.8605104684829712,0.0904574543237686,0.8987168669700623,0.824906587600708,0.4362955093383789,1.1257914304733276,0.2795561850070953,0.2350614368915558,0.1833452135324478,0.3239216804504394,0.2412607669830322,0.3378603756427765,0.2732028067111969
r0-D,8,0.0115845184773206,0.0102905957028269,0.8883058428764343,0.0865065231919288,0.9226502180099488,0.8243736624717712,0.4360746145248413,0.8602913618087769,0.3501539230346679,0.2806911766529083,0.139885663986206,0.2865320444107055,0.2683153450489044,0.4730728566646576,0.3410578668117523
r0-D,9,0.014829883351922,0.0095221502706408,0.6420920491218567,0.1079327836632728,0.8967399001121521,0.8246972560882568,0.4371068477630615,1.1340129375457764,0.3004912436008453,0.2513327300548553,0.1467335522174835,0.2568589150905609,0.2440019845962524,0.3807004988193512,0.285868376493454
r0-D,10,0.0135174058377742,0.0089659569784998,0.6632897853851318,0.0924854427576065,0.8721487522125244,0.825102686882019,0.4384593367576599,1.3074640035629272,0.2674726247787475,0.2269270122051239,0.1661607772111892,0.2279792875051498,0.2244015336036682,0.3151626884937286,0.2644322216510772
r0-D,11,0.0126145035028457,0.008563382551074,0.6788521409034729,0.081936739385128,0.9102423191070556,0.8252029418945312,0.4396588802337646,0.915502905845642,0.2520354688167572,0.3056046366691589,0.2289640456438064,0.3059076070785522,0.2376280575990677,0.4840337634086609,0.2703236937522888
r0-D,12,0.0114595107734203,0.0082085244357585,0.7163066864013672,0.0767289623618125,0.92853981256485,0.8251271843910217,0.4407455623149872,0.505854606628418,0.3573706150054931,0.3519902527332306,0.278792530298233,0.3290900290012359,0.2833470404148102,0.5415717959403992,0.3519832193851471
r1-D,1,0.0304456911981105,0.0194762740284204,0.6397054195404053,0.2031062841415405,0.9155768752098083,0.8283998370170593,0.4398220777511596,1.1003979444503784,0.2370413839817047,0.2506361603736877,0.2710134387016296,0.2567587792873382,0.2629832923412323,0.2594631314277649,0.3617059886455536
r1-D,2,0.0209418479353189,0.0171138774603605,0.8172095417976379,0.1359189599752426,0.8896195292472839,0.828437328338623,0.4401942789554596,1.241491675376892,0.1721000075340271,0.2076446861028671,0.2703330218791961,0.2361741364002227,0.2506738305091858,0.235965684056282,0.385617047548294
r1-D,3,0.0134955700486898,0.015596873126924,1.1557031869888306,0.0906419605016708,0.9064957499504088,0.8275267481803894,0.4392076730728149,1.1795194149017334,0.1647381037473678,0.1676330119371414,0.2882912456989288,0.2664758861064911,0.3577651381492615,0.2391895651817321,0.3363878130912781
r1-D,4,0.0127081144601106,0.0143150994554162,1.1264533996582031,0.0893406644463539,0.9203010201454164,0.826436460018158,0.4380853474140167,0.9195188283920288,0.1693262308835983,0.1650408655405044,0.3610530495643616,0.3706341683864593,0.5154763460159302,0.2380914837121963,0.2608592212200165
r1-D,5,0.0172146651893854,0.0131343640387058,0.76297527551651,0.1266180127859115,0.904985785484314,0.824577271938324,0.4356959760189056,1.1940698623657229,0.171752855181694,0.1639124155044555,0.3028171360492706,0.2930607497692108,0.4046970903873443,0.2289470881223678,0.2407428473234176
r1-D,6,0.016009060665965,0.0120194144546985,0.7507882118225098,0.1167731657624244,0.8677358627319336,0.8229354023933411,0.4338580667972564,1.4106827974319458,0.1659022569656372,0.1555814146995544,0.2482840269804,0.2356569319963455,0.335059106349945,0.2109457701444625,0.23788782954216
r1-D,7,0.0130364000797271,0.0112272715196013,0.8612248301506042,0.0903190895915031,0.899699866771698,0.8206286430358887,0.431063711643219,1.1967107057571411,0.2361046820878982,0.2225660681724548,0.2633623480796814,0.2381041198968887,0.3942540287971496,0.2785824239253998,0.1703156232833862
r1-D,8,0.0127975223585963,0.0103934239596128,0.8121434450149536,0.0929453000426292,0.9346336126327516,0.8178771138191223,0.4276022613048553,0.8756493926048279,0.3541493415832519,0.3356099426746368,0.3118082284927368,0.2481222301721573,0.4015982449054718,0.3437653481960296,0.1292974203824997
r1-D,9,0.0182967763394117,0.0095502426847815,0.5219631195068359,0.1289729475975036,0.9338453412055968,0.8154299855232239,0.4246979057788849,0.9929240345954896,0.2923390567302704,0.3111169934272766,0.3225580751895904,0.2219234853982925,0.346790611743927,0.316529780626297,0.1958179771900177
r1-D,10,0.0163071993738412,0.0088996058329939,0.5457470417022705,0.1119824796915054,0.923724353313446,0.8122285604476929,0.420740395784378,0.9970945715904236,0.307150661945343,0.2725028097629547,0.3346191048622131,0.2126976996660232,0.2945755124092102,0.2959329783916473,0.285426914691925
r1-D,11,0.013033365830779,0.0083969887346029,0.6442686319351196,0.0896598324179649,0.9311679601669312,0.8085615634918213,0.4163020551204681,0.7343076467514038,0.4294306635856628,0.2567963898181915,0.3406097888946533,0.2706145644187927,0.2748773097991943,0.3043672740459442,0.3889964520931244
r1-D,12,0.0106045799329876,0.0079290345311164,0.7476990818977356,0.0762936472892761,0.9388524889945984,0.8045905828475952,0.411633551120758,0.4149126410484314,0.4746429026126861,0.2922792136669159,0.3435702323913574,0.3435453176498413,0.2980912029743194,0.3270775973796844,0.5058810710906982
r2-D,1,0.0265617314726114,0.0195323713123798,0.7353575825691223,0.1721673905849456,0.9115273952484132,0.8289852142333984,0.4406704902648926,1.1064848899841309,0.2412526309490203,0.2728893756866455,0.2534042000770569,0.2658902406692505,0.2587083876132965,0.2486782819032669,0.3526922464370727
r2-D,2,0.0229238793253898,0.0173780024051666,0.7580742239952087,0.1460576057434082,0.8647082448005676,0.8301047086715698,0.4426310360431671,1.3353015184402466,0.2068019807338714,0.2446395456790924,0.2113362401723861,0.2437959611415863,0.227079838514328,0.2046151161193847,0.326429933309555
r2-D,3,0.0141296442598104,0.015951732173562,1.1289550065994265,0.0890459939837455,0.9122154116630554,0.8299214839935303,0.4426884949207306,1.1065545082092283,0.293506771326065,0.202616810798645,0.2471889555454254,0.2979286909103393,0.2596326470375061,0.2677352726459503,0.3248364329338074
r2-D,4,0.0135189080610871,0.0146613484248518,1.084506869316101,0.0886518284678459,0.9341256618499756,0.8289258480072021,0.4415876567363739,0.8714460730552673,0.4023182690143585,0.2024657130241394,0.2551804482936859,0.3907229602336883,0.3302065134048462,0.2973315119743347,0.2503288388252258
r2-D,5,0.0177589543163776,0.0134667204692959,0.7583059072494507,0.1314403265714645,0.9073479771614076,0.82803875207901,0.440407931804657,1.139484167098999,0.3042720258235931,0.1883333772420883,0.243389680981636,0.3390631675720215,0.2900181114673614,0.2648254036903381,0.2306143939495086
r2-D,6,0.0170499719679355,0.0123461652547121,0.7241164445877075,0.1201100125908851,0.8610708713531494,0.8271815776824951,0.4395107626914978,1.369841456413269,0.2424354404211044,0.1743252128362655,0.2269021719694137,0.2922961115837097,0.2457160651683807,0.2225408256053924,0.2259427905082702
r2-D,7,0.0130797699093818,0.0115878218784928,0.8859347105026245,0.0861221328377723,0.8965640664100647,0.8259839415550232,0.4382059276103973,1.0868209600448608,0.2660015821456909,0.2771876156330108,0.3321591317653656,0.2788878679275512,0.2308056950569152,0.2706717550754547,0.257465660572052
r2-D,8,0.0121122691780328,0.0107859876006841,0.8905009627342224,0.0849644392728805,0.9226105213165284,0.8243691325187683,0.4363724589347839,0.7553654909133911,0.3034233152866363,0.4077802002429962,0.4655244052410126,0.2378834336996078,0.2188082635402679,0.3388407528400421,0.2723742127418518
r2-D,9,0.0178948286920785,0.0099994670599699,0.5587908625602722,0.1292791962623596,0.914090096950531,0.8225318789482117,0.4342721998691559,1.005380392074585,0.2954280376434326,0.3419134020805359,0.3400038778781891,0.2492693066596985,0.2239327430725097,0.2732112109661102,0.2708611488342285
r2-D,10,0.0162684582173824,0.0093228686600923,0.5730640292167664,0.1137398034334182,0.8889962434768677,0.8204604983329773,0.4320965111255646,1.1346558332443235,0.2775392830371856,0.3242737054824829,0.2930856943130493,0.2578113377094269,0.2070724815130233,0.2162582576274871,0.2893033921718597
r2-D,11,0.0127547103911638,0.0088807139545679,0.6962693333625793,0.0872910842299461,0.9339682459831238,0.8181476593017578,0.429677665233612,0.5817674398422241,0.3255468010902405,0.4087337851524353,0.3367510139942169,0.343011200428009,0.2894146740436554,0.3097500503063202,0.4050251245498657
r2-D,12,0.0113741178065538,0.0083747785538434,0.7363013625144958,0.0814361423254013,0.9288057088851928,0.8156259655952454,0.426957905292511,0.3305856585502624,0.314710408449173,0.374565988779068,0.366402268409729,0.3853875994682312,0.3528711199760437,0.3548505306243896,0.5206266045570374
