run,task,receiver,source,mean_weight
r0-E,REVERSE,0,0,0.0
r0-E,REVERSE,0,1,0.0
r0-E,REVERSE,0,2,0.0005665324861183
r0-E,REVERSE,0,3,0.0026088166050612
r0-E,REVERSE,0,4,0.0010271853534504
r0-E,REVERSE,0,5,0.0006094084819778
r0-E,REVERSE,0,6,0.0005521282437257
r0-E,REVERSE,0,7,0.0012074800906702
r0-E,REVERSE,1,0,0.0
r0-E,REVERSE,1,1,0.0
r0-E,REVERSE,1,2,0.0
r0-E,REVERSE,1,3,0.0005440026288852
r0-E,REVERSE,1,4,0.0002429819869576
r0-E,REVERSE,1,5,0.0002586508344393
r0-E,REVERSE,1,6,0.0001810014364309
r0-E,REVERSE,1,7,0.0001696148683549
r0-E,REVERSE,2,0,0.0011454827617853
r0-E,REVERSE,2,1,0.0
r0-E,REVERSE,2,2,0.0
r0-E,REVERSE,2,3,0.0
r0-E,REVERSE,2,4,0.0005452578770928
r0-E,REVERSE,2,5,0.0004156926006544
r0-E,REVERSE,2,6,0.0005479655810631
r0-E,REVERSE,2,7,0.0003375368542037
r0-E,REVERSE,3,0,0.0055952044203877
r0-E,REVERSE,3,1,0.0012382171116769
r0-E,REVERSE,3,2,0.0
r0-E,REVERSE,3,3,0.0
r0-E,REVERSE,3,4,0.0
r0-E,REVERSE,3,5,0.000832452904433
r0-E,REVERSE,3,6,0.0007843651692382
r0-E,REVERSE,3,7,0.0007021382334642
r0-E,REVERSE,4,0,0.002911944175139
r0-E,REVERSE,4,1,0.0009325833525508
r0-E,REVERSE,4,2,0.0010473378933966
r0-E,REVERSE,4,3,0.0
r0-E,REVERSE,4,4,0.0
r0-E,REVERSE,4,5,0.0
r0-E,REVERSE,4,6,0.0009864339372143
r0-E,REVERSE,4,7,0.0006335527286864
r0-E,REVERSE,5,0,0.0006790945190005
r0-E,REVERSE,5,1,0.0003913755062967
r0-E,REVERSE,5,2,0.0003352706262376
r0-E,REVERSE,5,3,0.0003942022449336
r0-E,REVERSE,5,4,0.0
r0-E,REVERSE,5,5,0.0
r0-E,REVERSE,5,6,0.0
r0-E,REVERSE,5,7,0.000245659117354
r0-E,REVERSE,6,0,0.0007961826049722
r0-E,REVERSE,6,1,0.0003242760431021
r0-E,REVERSE,6,2,0.0004429750260896
r0-E,REVERSE,6,3,0.0003108412784058
r0-E,REVERSE,6,4,0.0004150020249653
r0-E,REVERSE,6,5,0.0
r0-E,REVERSE,6,6,0.0
r0-E,REVERSE,6,7,0.0
r0-E,REVERSE,7,0,0.0044139456003904
r0-E,REVERSE,7,1,0.0010264124721288
r0-E,REVERSE,7,2,0.0009509929805062
r0-E,REVERSE,7,3,0.0010405115317553
r0-E,REVERSE,7,4,0.0009239940554834
r0-E,REVERSE,7,5,0.0008671879768371
r0-E,REVERSE,7,6,0.0
r0-E,REVERSE,7,7,0.0
r0-E,ROTATE,0,0,0.0
r0-E,ROTATE,0,1,0.0
r0-E,ROTATE,0,2,0.0006314978818409
r0-E,ROTATE,0,3,0.0027467079926282
r0-E,ROTATE,0,4,0.001176104764454
r0-E,ROTATE,0,5,0.000628599722404
r0-E,ROTATE,0,6,0.0005932393250986
r0-E,ROTATE,0,7,0.0012621300993487
r0-E,ROTATE,1,0,0.0
r0-E,ROTATE,1,1,0.0
r0-E,ROTATE,1,2,0.0
r0-E,ROTATE,1,3,0.0005705512594431
r0-E,ROTATE,1,4,0.0002567832416389
r0-E,ROTATE,1,5,0.0002753260487224
r0-E,ROTATE,1,6,0.0001940303627634
r0-E,ROTATE,1,7,0.0001802843180485
r0-E,ROTATE,2,0,0.0013227963354438
r0-E,ROTATE,2,1,0.0
r0-E,ROTATE,2,2,0.0
r0-E,ROTATE,2,3,0.0
r0-E,ROTATE,2,4,0.00057741580531
r0-E,ROTATE,2,5,0.0004433870199136
r0-E,ROTATE,2,6,0.0005881118122488
r0-E,ROTATE,2,7,0.0003648521087598
r0-E,ROTATE,3,0,0.0060671376995742
r0-E,ROTATE,3,1,0.0013086349936202
r0-E,ROTATE,3,2,0.0
r0-E,ROTATE,3,3,0.0
r0-E,ROTATE,3,4,0.0
r0-E,ROTATE,3,5,0.0008724888903088
r0-E,ROTATE,3,6,0.0008317296742461
r0-E,ROTATE,3,7,0.0007437440799549
r0-E,ROTATE,4,0,0.0034178046043962
r0-E,ROTATE,4,1,0.0010155100608244
r0-E,ROTATE,4,2,0.0011365741956979
r0-E,ROTATE,4,3,0.0
r0-E,ROTATE,4,4,0.0
r0-E,ROTATE,4,5,0.0
r0-E,ROTATE,4,6,0.0010673865908756
r0-E,ROTATE,4,7,0.0006886696792207
r0-E,ROTATE,5,0,0.0006805173470638
r0-E,ROTATE,5,1,0.0003989477700088
r0-E,ROTATE,5,2,0.000339098914992
r0-E,ROTATE,5,3,0.0003981005284003
r0-E,ROTATE,5,4,0.0
r0-E,ROTATE,5,5,0.0
r0-E,ROTATE,5,6,0.0
r0-E,ROTATE,5,7,0.0002469508908689
r0-E,ROTATE,6,0,0.0008238822338171
r0-E,ROTATE,6,1,0.0003311912005301
r0-E,ROTATE,6,2,0.0004463849181775
r0-E,ROTATE,6,3,0.0003132981946691
r0-E,ROTATE,6,4,0.0004133043694309
r0-E,ROTATE,6,5,0.0
r0-E,ROTATE,6,6,0.0
r0-E,ROTATE,6,7,0.0
r0-E,ROTATE,7,0,0.0045182551257312
r0-E,ROTATE,7,1,0.0010441204067319
r0-E,ROTATE,7,2,0.0009783981367945
r0-E,ROTATE,7,3,0.0010628856252878
r0-E,ROTATE,7,4,0.0009420086280442
r0-E,ROTATE,7,5,0.000880105770193
r0-E,ROTATE,7,6,0.0
r0-E,ROTATE,7,7,0.0
r0-E,INC,0,0,0.0
r0-E,INC,0,1,0.0
r0-E,INC,0,2,0.0004612735356204
r0-E,INC,0,3,0.0030980033334344
r0-E,INC,0,4,0.000707997533027
r0-E,INC,0,5,0.0006228892016224
r0-E,INC,0,6,0.0004375614516902
r0-E,INC,0,7,0.0010334851685911
r0-E,INC,1,0,0.0
r0-E,INC,1,1,0.0
r0-E,INC,1,2,0.0
r0-E,INC,1,3,0.0007952741580083
r0-E,INC,1,4,0.0002600848383735
r0-E,INC,1,5,0.000329916132614
r0-E,INC,1,6,0.0001880927884485
r0-E,INC,1,7,0.0001994528574869
r0-E,INC,2,0,0.0013132138410583
r0-E,INC,2,1,0.0
r0-E,INC,2,2,0.0
r0-E,INC,2,3,0.0
r0-E,INC,2,4,0.0005769534618593
r0-E,INC,2,5,0.000483377429191
r0-E,INC,2,6,0.0005904769641347
r0-E,INC,2,7,0.0003875282709486
r0-E,INC,3,0,0.0067259590141475
r0-E,INC,3,1,0.0015015016542747
r0-E,INC,3,2,0.0
r0-E,INC,3,3,0.0
r0-E,INC,3,4,0.0
r0-E,INC,3,5,0.0010367420036345
r0-E,INC,3,6,0.0009450893267057
r0-E,INC,3,7,0.0008596488041803
r0-E,INC,4,0,0.0021156559232622
r0-E,INC,4,1,0.0007831864058971
r0-E,INC,4,2,0.0008457337971776
r0-E,INC,4,3,0.0
r0-E,INC,4,4,0.0
r0-E,INC,4,5,0.0
r0-E,INC,4,6,0.0008049572934396
r0-E,INC,4,7,0.0005444255657494
r0-E,INC,5,0,0.0010683508589863
r0-E,INC,5,1,0.0005650989478453
r0-E,INC,5,2,0.0004785002383869
r0-E,INC,5,3,0.0005712421843782
r0-E,INC,5,4,0.0
r0-E,INC,5,5,0.0
r0-E,INC,5,6,0.0
r0-E,INC,5,7,0.0003517955483403
r0-E,INC,6,0,0.0008619405562058
r0-E,INC,6,1,0.0003580721968319
r0-E,INC,6,2,0.0004607955052051
r0-E,INC,6,3,0.0003463492030277
r0-E,INC,6,4,0.0004289631033316
r0-E,INC,6,5,0.0
r0-E,INC,6,6,0.0
r0-E,INC,6,7,0.0
r0-E,INC,7,0,0.0040682014077901
r0-E,INC,7,1,0.0010272428626194
r0-E,INC,7,2,0.0009125606156885
r0-E,INC,7,3,0.0010341894812881
r0-E,INC,7,4,0.000893214775715
r0-E,INC,7,5,0.0008670844254083
r0-E,INC,7,6,0.0
r0-E,INC,7,7,0.0
r0-E,SWAP,0,0,0.0
r0-E,SWAP,0,1,0.0
r0-E,SWAP,0,2,0.0006072784308344
r0-E,SWAP,0,3,0.0027057209517806
r0-E,SWAP,0,4,0.0011776280589401
r0-E,SWAP,0,5,0.000627675501164
r0-E,SWAP,0,6,0.0005883293924853
r0-E,SWAP,0,7,0.001244221930392
r0-E,SWAP,1,0,0.0
r0-E,SWAP,1,1,0.0
r0-E,SWAP,1,2,0.0
r0-E,SWAP,1,3,0.0005621912423521
r0-E,SWAP,1,4,0.0002468473394401
r0-E,SWAP,1,5,0.0002639186568558
r0-E,SWAP,1,6,0.0001855083683039
r0-E,SWAP,1,7,0.0001747413480188
r0-E,SWAP,2,0,0.0012160397600382
r0-E,SWAP,2,1,0.0
r0-E,SWAP,2,2,0.0
r0-E,SWAP,2,3,0.0
r0-E,SWAP,2,4,0.0005567895132116
r0-E,SWAP,2,5,0.0004279043059796
r0-E,SWAP,2,6,0.000565278227441
r0-E,SWAP,2,7,0.0003501697210595
r0-E,SWAP,3,0,0.0058668749406933
r0-E,SWAP,3,1,0.0012908189091831
r0-E,SWAP,3,2,0.0
r0-E,SWAP,3,3,0.0
r0-E,SWAP,3,4,0.0
r0-E,SWAP,3,5,0.0008697777520865
r0-E,SWAP,3,6,0.0008252923144027
r0-E,SWAP,3,7,0.0007412165869027
r0-E,SWAP,4,0,0.0035039188805967
r0-E,SWAP,4,1,0.0010211555054411
r0-E,SWAP,4,2,0.0011475457577034
r0-E,SWAP,4,3,0.0
r0-E,SWAP,4,4,0.0
r0-E,SWAP,4,5,0.0
r0-E,SWAP,4,6,0.0010819849558174
r0-E,SWAP,4,7,0.0006968386587686
r0-E,SWAP,5,0,0.0006820408161729
r0-E,SWAP,5,1,0.0003961079055443
r0-E,SWAP,5,2,0.0003391223435755
r0-E,SWAP,5,3,0.000400616438128
r0-E,SWAP,5,4,0.0
r0-E,SWAP,5,5,0.0
r0-E,SWAP,5,6,0.0
r0-E,SWAP,5,7,0.0002491395862307
r0-E,SWAP,6,0,0.0008055911166593
r0-E,SWAP,6,1,0.0003301410761196
r0-E,SWAP,6,2,0.0004402535851113
r0-E,SWAP,6,3,0.0003099859459325
r0-E,SWAP,6,4,0.0004104881372768
r0-E,SWAP,6,5,0.0
r0-E,SWAP,6,6,0.0
r0-E,SWAP,6,7,0.0
r0-E,SWAP,7,0,0.0044571505859494
r0-E,SWAP,7,1,0.0010436387965455
r0-E,SWAP,7,2,0.0009678588248789
r0-E,SWAP,7,3,0.0010590994497761
r0-E,SWAP,7,4,0.0009395879460498
r0-E,SWAP,7,5,0.0008807278354652
r0-E,SWAP,7,6,0.0
r0-E,SWAP,7,7,0.0
r0-E,REVERSE_ROTATE,0,0,0.0
r0-E,REVERSE_ROTATE,0,1,0.0
r0-E,REVERSE_ROTATE,0,2,0.0005751219578087
r0-E,REVERSE_ROTATE,0,3,0.0024597800802439
r0-E,REVERSE_ROTATE,0,4,0.0010746093466877
r0-E,REVERSE_ROTATE,0,5,0.0005727014504373
r0-E,REVERSE_ROTATE,0,6,0.0005627462523989
r0-E,REVERSE_ROTATE,0,7,0.0012256953632459
r0-E,REVERSE_ROTATE,1,0,0.0
r0-E,REVERSE_ROTATE,1,1,0.0
r0-E,REVERSE_ROTATE,1,2,0.0
r0-E,REVERSE_ROTATE,1,3,0.0004435443843249
r0-E,REVERSE_ROTATE,1,4,0.0002240067842649
r0-E,REVERSE_ROTATE,1,5,0.0002324590459465
r0-E,REVERSE_ROTATE,1,6,0.0001734341349219
r0-E,REVERSE_ROTATE,1,7,0.0001609169703442
r0-E,REVERSE_ROTATE,2,0,0.0010811315150931
r0-E,REVERSE_ROTATE,2,1,0.0
r0-E,REVERSE_ROTATE,2,2,0.0
r0-E,REVERSE_ROTATE,2,3,0.0
r0-E,REVERSE_ROTATE,2,4,0.0005193146062083
r0-E,REVERSE_ROTATE,2,5,0.0004005086666438
r0-E,REVERSE_ROTATE,2,6,0.0005281827761791
r0-E,REVERSE_ROTATE,2,7,0.0003311988839413
r0-E,REVERSE_ROTATE,3,0,0.0059165740385651
r0-E,REVERSE_ROTATE,3,1,0.0012993055861443
r0-E,REVERSE_ROTATE,3,2,0.0
r0-E,REVERSE_ROTATE,3,3,0.0
r0-E,REVERSE_ROTATE,3,4,0.0
r0-E,REVERSE_ROTATE,3,5,0.0009104770142585
r0-E,REVERSE_ROTATE,3,6,0.0008860233356244
r0-E,REVERSE_ROTATE,3,7,0.0007970493752509
r0-E,REVERSE_ROTATE,4,0,0.0031603556126356
r0-E,REVERSE_ROTATE,4,1,0.0009625301463529
r0-E,REVERSE_ROTATE,4,2,0.0011023815022781
r0-E,REVERSE_ROTATE,4,3,0.0
r0-E,REVERSE_ROTATE,4,4,0.0
r0-E,REVERSE_ROTATE,4,5,0.0
r0-E,REVERSE_ROTATE,4,6,0.0010329136857762
r0-E,REVERSE_ROTATE,4,7,0.0006642753141932
r0-E,REVERSE_ROTATE,5,0,0.0005770751740783
r0-E,REVERSE_ROTATE,5,1,0.0003492264368105
r0-E,REVERSE_ROTATE,5,2,0.0003096634754911
r0-E,REVERSE_ROTATE,5,3,0.0003485806228127
r0-E,REVERSE_ROTATE,5,4,0.0
r0-E,REVERSE_ROTATE,5,5,0.0
r0-E,REVERSE_ROTATE,5,6,0.0
r0-E,REVERSE_ROTATE,5,7,0.00022459779575
r0-E,REVERSE_ROTATE,6,0,0.0007422234048135
r0-E,REVERSE_ROTATE,6,1,0.0003134874568786
r0-E,REVERSE_ROTATE,6,2,0.0004312363162171
r0-E,REVERSE_ROTATE,6,3,0.0003028332430403
r0-E,REVERSE_ROTATE,6,4,0.0003988102835137
r0-E,REVERSE_ROTATE,6,5,0.0
r0-E,REVERSE_ROTATE,6,6,0.0
r0-E,REVERSE_ROTATE,6,7,0.0
r0-E,REVERSE_ROTATE,7,0,0.0043464512564241
r0-E,REVERSE_ROTATE,7,1,0.0010250785853713
r0-E,REVERSE_ROTATE,7,2,0.0009700985974632
r0-E,REVERSE_ROTATE,7,3,0.0010468396358191
r0-E,REVERSE_ROTATE,7,4,0.0009258435457013
r0-E,REVERSE_ROTATE,7,5,0.0008664070046506
r0-E,REVERSE_ROTATE,7,6,0.0
r0-E,REVERSE_ROTATE,7,7,0.0
r0-E,REVERSE_INC,0,0,0.0
r0-E,REVERSE_INC,0,1,0.0
r0-E,REVERSE_INC,0,2,0.0004292516096029
r0-E,REVERSE_INC,0,3,0.0032067270949482
r0-E,REVERSE_INC,0,4,0.0006801763083785
r0-E,REVERSE_INC,0,5,0.0005983284208923
r0-E,REVERSE_INC,0,6,0.0004080561047885
r0-E,REVERSE_INC,0,7,0.000972656533122
r0-E,REVERSE_INC,1,0,0.0
r0-E,REVERSE_INC,1,1,0.0
r0-E,REVERSE_INC,1,2,0.0
r0-E,REVERSE_INC,1,3,0.0007221512496471
r0-E,REVERSE_INC,1,4,0.0002382090169703
r0-E,REVERSE_INC,1,5,0.0003025491896551
r0-E,REVERSE_INC,1,6,0.0001745758927427
r0-E,REVERSE_INC,1,7,0.0001861882628872
r0-E,REVERSE_INC,2,0,0.0011349248234182
r0-E,REVERSE_INC,2,1,0.0
r0-E,REVERSE_INC,2,2,0.0
r0-E,REVERSE_INC,2,3,0.0
r0-E,REVERSE_INC,2,4,0.0005339703639037
r0-E,REVERSE_INC,2,5,0.000442799704615
r0-E,REVERSE_INC,2,6,0.0005365490796975
r0-E,REVERSE_INC,2,7,0.0003529306850396
r0-E,REVERSE_INC,3,0,0.0065264026634395
r0-E,REVERSE_INC,3,1,0.001385181560181
r0-E,REVERSE_INC,3,2,0.0
r0-E,REVERSE_INC,3,3,0.0
r0-E,REVERSE_INC,3,4,0.0
r0-E,REVERSE_INC,3,5,0.0009707813733257
r0-E,REVERSE_INC,3,6,0.0008735985029488
r0-E,REVERSE_INC,3,7,0.0007924078963696
r0-E,REVERSE_INC,4,0,0.0020859392825514
r0-E,REVERSE_INC,4,1,0.0007750437362119
r0-E,REVERSE_INC,4,2,0.0008437219075858
r0-E,REVERSE_INC,4,3,0.0
r0-E,REVERSE_INC,4,4,0.0
r0-E,REVERSE_INC,4,5,0.0
r0-E,REVERSE_INC,4,6,0.0008038379019126
r0-E,REVERSE_INC,4,7,0.0005478109233081
r0-E,REVERSE_INC,5,0,0.0009424209129065
r0-E,REVERSE_INC,5,1,0.0005125749739818
r0-E,REVERSE_INC,5,2,0.000433620851254
r0-E,REVERSE_INC,5,3,0.0005266513908281
r0-E,REVERSE_INC,5,4,0.0
r0-E,REVERSE_INC,5,5,0.0
r0-E,REVERSE_INC,5,6,0.0
r0-E,REVERSE_INC,5,7,0.0003282569814473
r0-E,REVERSE_INC,6,0,0.0007229073089547
r0-E,REVERSE_INC,6,1,0.0003148385439999
r0-E,REVERSE_INC,6,2,0.0004015327140223
r0-E,REVERSE_INC,6,3,0.0003079443704336
r0-E,REVERSE_INC,6,4,0.0003788983158301
r0-E,REVERSE_INC,6,5,0.0
r0-E,REVERSE_INC,6,6,0.0
r0-E,REVERSE_INC,6,7,0.0
r0-E,REVERSE_INC,7,0,0.0037940435577183
r0-E,REVERSE_INC,7,1,0.0009976635919883
r0-E,REVERSE_INC,7,2,0.0008663165499456
r0-E,REVERSE_INC,7,3,0.0010037724860012
r0-E,REVERSE_INC,7,4,0.0008637317223474
r0-E,REVERSE_INC,7,5,0.0008470139582641
r0-E,REVERSE_INC,7,6,0.0
r0-E,REVERSE_INC,7,7,0.0
r0-E,REVERSE_SWAP,0,0,0.0
r0-E,REVERSE_SWAP,0,1,0.0
r0-E,REVERSE_SWAP,0,2,0.000586939160712
r0-E,REVERSE_SWAP,0,3,0.0026047870051115
r0-E,REVERSE_SWAP,0,4,0.0011718999594449
r0-E,REVERSE_SWAP,0,5,0.0005978145636618
r0-E,REVERSE_SWAP,0,6,0.000575516896788
r0-E,REVERSE_SWAP,0,7,0.0012148963287472
r0-E,REVERSE_SWAP,1,0,0.0
r0-E,REVERSE_SWAP,1,1,0.0
r0-E,REVERSE_SWAP,1,2,0.0
r0-E,REVERSE_SWAP,1,3,0.0004507307603489
r0-E,REVERSE_SWAP,1,4,0.000216710177483
r0-E,REVERSE_SWAP,1,5,0.0002279873588122
r0-E,REVERSE_SWAP,1,6,0.0001666551252128
r0-E,REVERSE_SWAP,1,7,0.0001577129587531
r0-E,REVERSE_SWAP,2,0,0.0011673002736642
r0-E,REVERSE_SWAP,2,1,0.0
r0-E,REVERSE_SWAP,2,2,0.0
r0-E,REVERSE_SWAP,2,3,0.0
r0-E,REVERSE_SWAP,2,4,0.0005373216699808
r0-E,REVERSE_SWAP,2,5,0.0004138642689213
r0-E,REVERSE_SWAP,2,6,0.0005410097073763
r0-E,REVERSE_SWAP,2,7,0.0003336076042614
r0-E,REVERSE_SWAP,3,0,0.0061879716813564
r0-E,REVERSE_SWAP,3,1,0.0013324500760063
r0-E,REVERSE_SWAP,3,2,0.0
r0-E,REVERSE_SWAP,3,3,0.0
r0-E,REVERSE_SWAP,3,4,0.0
r0-E,REVERSE_SWAP,3,5,0.000938766170293
r0-E,REVERSE_SWAP,3,6,0.0009111758554354
r0-E,REVERSE_SWAP,3,7,0.0008181879529729
r0-E,REVERSE_SWAP,4,0,0.0033599529415369
r0-E,REVERSE_SWAP,4,1,0.0009964796481654
r0-E,REVERSE_SWAP,4,2,0.0011356736067682
r0-E,REVERSE_SWAP,4,3,0.0
r0-E,REVERSE_SWAP,4,4,0.0
r0-E,REVERSE_SWAP,4,5,0.0
r0-E,REVERSE_SWAP,4,6,0.0010725718457251
r0-E,REVERSE_SWAP,4,7,0.000690922490321
r0-E,REVERSE_SWAP,5,0,0.0006094529526308
r0-E,REVERSE_SWAP,5,1,0.0003581271448638
r0-E,REVERSE_SWAP,5,2,0.0003146468370687
r0-E,REVERSE_SWAP,5,3,0.0003612970467656
r0-E,REVERSE_SWAP,5,4,0.0
r0-E,REVERSE_SWAP,5,5,0.0
r0-E,REVERSE_SWAP,5,6,0.0
r0-E,REVERSE_SWAP,5,7,0.0002321613719686
r0-E,REVERSE_SWAP,6,0,0.0007909560226835
r0-E,REVERSE_SWAP,6,1,0.0003225402906537
r0-E,REVERSE_SWAP,6,2,0.0004353445256128
r0-E,REVERSE_SWAP,6,3,0.0003079849120695
r0-E,REVERSE_SWAP,6,4,0.0004100305086467
r0-E,REVERSE_SWAP,6,5,0.0
r0-E,REVERSE_SWAP,6,6,0.0
r0-E,REVERSE_SWAP,6,7,0.0
r0-E,REVERSE_SWAP,7,0,0.004036942962557
r0-E,REVERSE_SWAP,7,1,0.0009795248042792
r0-E,REVERSE_SWAP,7,2,0.0008971049683168
r0-E,REVERSE_SWAP,7,3,0.0009948688093572
r0-E,REVERSE_SWAP,7,4,0.0008794231107458
r0-E,REVERSE_SWAP,7,5,0.0008290654513984
r0-E,REVERSE_SWAP,7,6,0.0
r0-E,REVERSE_SWAP,7,7,0.0
r0-E,ROTATE_INC,0,0,0.0
r0-E,ROTATE_INC,0,1,0.0
r0-E,ROTATE_INC,0,2,0.0004721928853541
r0-E,ROTATE_INC,0,3,0.003040739800781
r0-E,ROTATE_INC,0,4,0.0007156445062719
r0-E,ROTATE_INC,0,5,0.0005846636486239
r0-E,ROTATE_INC,0,6,0.0004341580206528
r0-E,ROTATE_INC,0,7,0.0010543504031375
r0-E,ROTATE_INC,1,0,0.0
r0-E,ROTATE_INC,1,1,0.0
r0-E,ROTATE_INC,1,2,0.0
r0-E,ROTATE_INC,1,3,0.0006832336075603
r0-E,ROTATE_INC,1,4,0.0002425788115942
r0-E,ROTATE_INC,1,5,0.0002943866420537
r0-E,ROTATE_INC,1,6,0.0001805821812013
r0-E,ROTATE_INC,1,7,0.0001870661071734
r0-E,ROTATE_INC,2,0,0.0013507473049685
r0-E,ROTATE_INC,2,1,0.0
r0-E,ROTATE_INC,2,2,0.0
r0-E,ROTATE_INC,2,3,0.0
r0-E,ROTATE_INC,2,4,0.0005905087455175
r0-E,ROTATE_INC,2,5,0.00048948766198
r0-E,ROTATE_INC,2,6,0.0006075432756915
r0-E,ROTATE_INC,2,7,0.0003984903160016
r0-E,ROTATE_INC,3,0,0.0068694432266056
r0-E,ROTATE_INC,3,1,0.0014897275250405
r0-E,ROTATE_INC,3,2,0.0
r0-E,ROTATE_INC,3,3,0.0
r0-E,ROTATE_INC,3,4,0.0
r0-E,ROTATE_INC,3,5,0.0010480966884642
r0-E,ROTATE_INC,3,6,0.0009760621469467
r0-E,ROTATE_INC,3,7,0.0008840914815664
r0-E,ROTATE_INC,4,0,0.0022778753191232
r0-E,ROTATE_INC,4,1,0.0008142951410263
r0-E,ROTATE_INC,4,2,0.0008855527848936
r0-E,ROTATE_INC,4,3,0.0
r0-E,ROTATE_INC,4,4,0.0
r0-E,ROTATE_INC,4,5,0.0
r0-E,ROTATE_INC,4,6,0.0008435808704234
r0-E,ROTATE_INC,4,7,0.0005700401961803
r0-E,ROTATE_INC,5,0,0.0009820220293477
r0-E,ROTATE_INC,5,1,0.0005339512135833
r0-E,ROTATE_INC,5,2,0.0004609221650753
r0-E,ROTATE_INC,5,3,0.0005276344600133
r0-E,ROTATE_INC,5,4,0.0
r0-E,ROTATE_INC,5,5,0.0
r0-E,ROTATE_INC,5,6,0.0
r0-E,ROTATE_INC,5,7,0.0003386788303032
r0-E,ROTATE_INC,6,0,0.0008210114319808
r0-E,ROTATE_INC,6,1,0.000349005422322
r0-E,ROTATE_INC,6,2,0.0004521247465163
r0-E,ROTATE_INC,6,3,0.0003368084435351
r0-E,ROTATE_INC,6,4,0.0004172246262896
r0-E,ROTATE_INC,6,5,0.0
r0-E,ROTATE_INC,6,6,0.0
r0-E,ROTATE_INC,6,7,0.0
r0-E,ROTATE_INC,7,0,0.0044324276968836
r0-E,ROTATE_INC,7,1,0.0010799439623951
r0-E,ROTATE_INC,7,2,0.0009697723435238
r0-E,ROTATE_INC,7,3,0.0010854685679078
r0-E,ROTATE_INC,7,4,0.0009431466460227
r0-E,ROTATE_INC,7,5,0.000909857742954
r0-E,ROTATE_INC,7,6,0.0
r0-E,ROTATE_INC,7,7,0.0
r0-E,ROTATE_SWAP,0,0,0.0
r0-E,ROTATE_SWAP,0,1,0.0
r0-E,ROTATE_SWAP,0,2,0.0005705497460439
r0-E,ROTATE_SWAP,0,3,0.0026624361053109
r0-E,ROTATE_SWAP,0,4,0.0010318581480532
r0-E,ROTATE_SWAP,0,5,0.0005838391371071
r0-E,ROTATE_SWAP,0,6,0.0005469922325573
r0-E,ROTATE_SWAP,0,7,0.001142318942584
r0-E,ROTATE_SWAP,1,0,0.0
r0-E,ROTATE_SWAP,1,1,0.0
r0-E,ROTATE_SWAP,1,2,0.0
r0-E,ROTATE_SWAP,1,3,0.0004976656055077
r0-E,ROTATE_SWAP,1,4,0.0002262729540234
r0-E,ROTATE_SWAP,1,5,0.0002395376068307
r0-E,ROTATE_SWAP,1,6,0.0001711804943624
r0-E,ROTATE_SWAP,1,7,0.0001637144014239
r0-E,ROTATE_SWAP,2,0,0.0012654503807425
r0-E,ROTATE_SWAP,2,1,0.0
r0-E,ROTATE_SWAP,2,2,0.0
r0-E,ROTATE_SWAP,2,3,0.0
r0-E,ROTATE_SWAP,2,4,0.0005765382084064
r0-E,ROTATE_SWAP,2,5,0.0004404197679832
r0-E,ROTATE_SWAP,2,6,0.0005802491214126
r0-E,ROTATE_SWAP,2,7,0.0003599427291192
r0-E,ROTATE_SWAP,3,0,0.0063421600498259
r0-E,ROTATE_SWAP,3,1,0.0013399284798651
r0-E,ROTATE_SWAP,3,2,0.0
r0-E,ROTATE_SWAP,3,3,0.0
r0-E,ROTATE_SWAP,3,4,0.0
r0-E,ROTATE_SWAP,3,5,0.0009297493379563
r0-E,ROTATE_SWAP,3,6,0.0009057348943315
r0-E,ROTATE_SWAP,3,7,0.0008147381013259
r0-E,ROTATE_SWAP,4,0,0.0030489980708807
r0-E,ROTATE_SWAP,4,1,0.0009500115993432
r0-E,ROTATE_SWAP,4,2,0.0010801964672282
r0-E,ROTATE_SWAP,4,3,0.0
r0-E,ROTATE_SWAP,4,4,0.0
r0-E,ROTATE_SWAP,4,5,0.0
r0-E,ROTATE_SWAP,4,6,0.0010186985600739
r0-E,ROTATE_SWAP,4,7,0.000653063354548
r0-E,ROTATE_SWAP,5,0,0.0006407194305211
r0-E,ROTATE_SWAP,5,1,0.000370851426851
r0-E,ROTATE_SWAP,5,2,0.0003236047632526
r0-E,ROTATE_SWAP,5,3,0.0003736355865839
r0-E,ROTATE_SWAP,5,4,0.0
r0-E,ROTATE_SWAP,5,5,0.0
r0-E,ROTATE_SWAP,5,6,0.0
r0-E,ROTATE_SWAP,5,7,0.0002382552047492
r0-E,ROTATE_SWAP,6,0,0.0008271288243122
r0-E,ROTATE_SWAP,6,1,0.0003313964989501
r0-E,ROTATE_SWAP,6,2,0.0004498566268011
r0-E,ROTATE_SWAP,6,3,0.0003168646653648
r0-E,ROTATE_SWAP,6,4,0.0004225812444929
r0-E,ROTATE_SWAP,6,5,0.0
r0-E,ROTATE_SWAP,6,6,0.0
r0-E,ROTATE_SWAP,6,7,0.0
r0-E,ROTATE_SWAP,7,0,0.0039694984443485
r0-E,ROTATE_SWAP,7,1,0.0009805684676393
r0-E,ROTATE_SWAP,7,2,0.0009044833714142
r0-E,ROTATE_SWAP,7,3,0.0009949780069291
r0-E,ROTATE_SWAP,7,4,0.0008822862873785
r0-E,ROTATE_SWAP,7,5,0.0008292481070384
r0-E,ROTATE_SWAP,7,6,0.0
r0-E,ROTATE_SWAP,7,7,0.0
r0-E,INC_SWAP,0,0,0.0
r0-E,INC_SWAP,0,1,0.0
r0-E,INC_SWAP,0,2,0.0004939316422678
r0-E,INC_SWAP,0,3,0.0033518162090331
r0-E,INC_SWAP,0,4,0.0007549622096121
r0-E,INC_SWAP,0,5,0.0006388938636519
r0-E,INC_SWAP,0,6,0.0004569412849377
r0-E,INC_SWAP,0,7,0.0010505699319764
r0-E,INC_SWAP,1,0,0.0
r0-E,INC_SWAP,1,1,0.0
r0-E,INC_SWAP,1,2,0.0
r0-E,INC_SWAP,1,3,0.0008321241475641
r0-E,INC_SWAP,1,4,0.0002671595430001
r0-E,INC_SWAP,1,5,0.0003390701021999
r0-E,INC_SWAP,1,6,0.0001936445623869
r0-E,INC_SWAP,1,7,0.0002054526121355
r0-E,INC_SWAP,2,0,0.0014916319632902
r0-E,INC_SWAP,2,1,0.0
r0-E,INC_SWAP,2,2,0.0
r0-E,INC_SWAP,2,3,0.0
r0-E,INC_SWAP,2,4,0.0006163652869872
r0-E,INC_SWAP,2,5,0.0005170705262571
r0-E,INC_SWAP,2,6,0.000637894438114
r0-E,INC_SWAP,2,7,0.0004189478931948
r0-E,INC_SWAP,3,0,0.0076118074357509
r0-E,INC_SWAP,3,1,0.0016094504389911
r0-E,INC_SWAP,3,2,0.0
r0-E,INC_SWAP,3,3,0.0
r0-E,INC_SWAP,3,4,0.0
r0-E,INC_SWAP,3,5,0.0011152564547955
r0-E,INC_SWAP,3,6,0.0010358362924307
r0-E,INC_SWAP,3,7,0.0009344588033854
r0-E,INC_SWAP,4,0,0.0023799131158739
r0-E,INC_SWAP,4,1,0.0008437479846179
r0-E,INC_SWAP,4,2,0.0009114507120102
r0-E,INC_SWAP,4,3,0.0
r0-E,INC_SWAP,4,4,0.0
r0-E,INC_SWAP,4,5,0.0
r0-E,INC_SWAP,4,6,0.0008684377535246
r0-E,INC_SWAP,4,7,0.0005869710585102
r0-E,INC_SWAP,5,0,0.0011140058049932
r0-E,INC_SWAP,5,1,0.0005898913950659
r0-E,INC_SWAP,5,2,0.0004975446499884
r0-E,INC_SWAP,5,3,0.0005934005603194
r0-E,INC_SWAP,5,4,0.0
r0-E,INC_SWAP,5,5,0.0
r0-E,INC_SWAP,5,6,0.0
r0-E,INC_SWAP,5,7,0.0003678476205095
r0-E,INC_SWAP,6,0,0.0009116730652749
r0-E,INC_SWAP,6,1,0.000374854018446
r0-E,INC_SWAP,6,2,0.0004806894867215
r0-E,INC_SWAP,6,3,0.0003615464956965
r0-E,INC_SWAP,6,4,0.0004438474134076
r0-E,INC_SWAP,6,5,0.0
r0-E,INC_SWAP,6,6,0.0
r0-E,INC_SWAP,6,7,0.0
r0-E,INC_SWAP,7,0,0.0041808253154158
r0-E,INC_SWAP,7,1,0.001043307245709
r0-E,INC_SWAP,7,2,0.0009337187511846
r0-E,INC_SWAP,7,3,0.0010531463194638
r0-E,INC_SWAP,7,4,0.0009112517000176
r0-E,INC_SWAP,7,5,0.0008799855131655
r0-E,INC_SWAP,7,6,0.0
r0-E,INC_SWAP,7,7,0.0
r1-E,REVERSE,0,0,0.0
r1-E,REVERSE,0,1,0.0
r1-E,REVERSE,0,2,0.0008021719986572
r1-E,REVERSE,0,3,0.0007282150327228
r1-E,REVERSE,0,4,0.0017599712591618
r1-E,REVERSE,0,5,0.000841618864797
r1-E,REVERSE,0,6,0.0008003642433322
r1-E,REVERSE,0,7,0.0056899557821452
r1-E,REVERSE,1,0,0.0
r1-E,REVERSE,1,1,0.0
r1-E,REVERSE,1,2,0.0
r1-E,REVERSE,1,3,7.476630707969889e-05
r1-E,REVERSE,1,4,5.831439193570986e-05
r1-E,REVERSE,1,5,5.74849073018413e-05
r1-E,REVERSE,1,6,8.538970723748207e-05
r1-E,REVERSE,1,7,0.0001030869607347
r1-E,REVERSE,2,0,0.000501963251736
r1-E,REVERSE,2,1,0.0
r1-E,REVERSE,2,2,0.0
r1-E,REVERSE,2,3,0.0
r1-E,REVERSE,2,4,0.0008934521465562
r1-E,REVERSE,2,5,0.0004138654330745
r1-E,REVERSE,2,6,0.0003349066537339
r1-E,REVERSE,2,7,0.0004861470079049
r1-E,REVERSE,3,0,0.0002348235575482
r1-E,REVERSE,3,1,0.0001823061320465
r1-E,REVERSE,3,2,0.0
r1-E,REVERSE,3,3,0.0
r1-E,REVERSE,3,4,0.0
r1-E,REVERSE,3,5,0.0001968844735529
r1-E,REVERSE,3,6,0.0001999022642849
r1-E,REVERSE,3,7,0.0003029473591595
r1-E,REVERSE,4,0,0.0016590597806498
r1-E,REVERSE,4,1,0.0006086102221161
r1-E,REVERSE,4,2,0.001392742502503
r1-E,REVERSE,4,3,0.0
r1-E,REVERSE,4,4,0.0
r1-E,REVERSE,4,5,0.0
r1-E,REVERSE,4,6,0.0008108347537927
r1-E,REVERSE,4,7,0.0032398654147982
r1-E,REVERSE,5,0,0.0003668727586045
r1-E,REVERSE,5,1,0.0002058268873952
r1-E,REVERSE,5,2,0.0002243309718323
r1-E,REVERSE,5,3,0.000218793618842
r1-E,REVERSE,5,4,0.0
r1-E,REVERSE,5,5,0.0
r1-E,REVERSE,5,6,0.0
r1-E,REVERSE,5,7,0.0004239523550495
r1-E,REVERSE,6,0,0.0002110923960572
r1-E,REVERSE,6,1,0.0001562554534757
r1-E,REVERSE,6,2,0.0001375020510749
r1-E,REVERSE,6,3,0.0001638071116758
r1-E,REVERSE,6,4,0.0001894597080536
r1-E,REVERSE,6,5,0.0
r1-E,REVERSE,6,6,0.0
r1-E,REVERSE,6,7,0.0
r1-E,REVERSE,7,0,0.0055499537847936
r1-E,REVERSE,7,1,0.000693007139489
r1-E,REVERSE,7,2,0.0008663510670885
r1-E,REVERSE,7,3,0.0009793614735826
r1-E,REVERSE,7,4,0.0031228307634592
r1-E,REVERSE,7,5,0.000943812308833
r1-E,REVERSE,7,6,0.0
r1-E,REVERSE,7,7,0.0
r1-E,ROTATE,0,0,0.0
r1-E,ROTATE,0,1,0.0
r1-E,ROTATE,0,2,0.0008209915249608
r1-E,ROTATE,0,3,0.0007497621118091
r1-E,ROTATE,0,4,0.0017727528465911
r1-E,ROTATE,0,5,0.0008568612392991
r1-E,ROTATE,0,6,0.0008097490062937
r1-E,ROTATE,0,7,0.00587346451357
r1-E,ROTATE,1,0,0.0
r1-E,ROTATE,1,1,0.0
r1-E,ROTATE,1,2,0.0
r1-E,ROTATE,1,3,7.421131886076182e-05
r1-E,ROTATE,1,4,5.9805664932355285e-05
r1-E,ROTATE,1,5,5.773383236373775e-05
r1-E,ROTATE,1,6,8.354990131920204e-05
r1-E,ROTATE,1,7,0.0001008869585348
r1-E,ROTATE,2,0,0.0005220900056883
r1-E,ROTATE,2,1,0.0
r1-E,ROTATE,2,2,0.0
r1-E,ROTATE,2,3,0.0
r1-E,ROTATE,2,4,0.0009354556095786
r1-E,ROTATE,2,5,0.0004269010096322
r1-E,ROTATE,2,6,0.0003419454733375
r1-E,ROTATE,2,7,0.000510117271915
r1-E,ROTATE,3,0,0.0002524402807466
r1-E,ROTATE,3,1,0.0001943720562849
r1-E,ROTATE,3,2,0.0
r1-E,ROTATE,3,3,0.0
r1-E,ROTATE,3,4,0.0
r1-E,ROTATE,3,5,0.0002142346347682
r1-E,ROTATE,3,6,0.0002166434132959
r1-E,ROTATE,3,7,0.0003398707485757
r1-E,ROTATE,4,0,0.0017393107991665
r1-E,ROTATE,4,1,0.0006473385728895
r1-E,ROTATE,4,2,0.001510257134214
r1-E,ROTATE,4,3,0.0
r1-E,ROTATE,4,4,0.0
r1-E,ROTATE,4,5,0.0
r1-E,ROTATE,4,6,0.0008627621573396
r1-E,ROTATE,4,7,0.0036987161729484
r1-E,ROTATE,5,0,0.0004019769548904
r1-E,ROTATE,5,1,0.0002163115277653
r1-E,ROTATE,5,2,0.0002403302496531
r1-E,ROTATE,5,3,0.0002321494248462
r1-E,ROTATE,5,4,0.0
r1-E,ROTATE,5,5,0.0
r1-E,ROTATE,5,6,0.0
r1-E,ROTATE,5,7,0.0004422153579071
r1-E,ROTATE,6,0,0.00021876237588
r1-E,ROTATE,6,1,0.0001599341048859
r1-E,ROTATE,6,2,0.0001422841887688
r1-E,ROTATE,6,3,0.0001699541462585
r1-E,ROTATE,6,4,0.0001981970999622
r1-E,ROTATE,6,5,0.0
r1-E,ROTATE,6,6,0.0
r1-E,ROTATE,6,7,0.0
r1-E,ROTATE,7,0,0.0058190319687128
r1-E,ROTATE,7,1,0.0007143706898204
r1-E,ROTATE,7,2,0.0009204389061778
r1-E,ROTATE,7,3,0.0010479749180376
r1-E,ROTATE,7,4,0.0035193976946175
r1-E,ROTATE,7,5,0.000991391018033
r1-E,ROTATE,7,6,0.0
r1-E,ROTATE,7,7,0.0
r1-E,INC,0,0,0.0
r1-E,INC,0,1,0.0
r1-E,INC,0,2,0.0009711328893899
r1-E,INC,0,3,0.0010049062548205
r1-E,INC,0,4,0.0022643289994448
r1-E,INC,0,5,0.0010140534723177
r1-E,INC,0,6,0.0010079123312607
r1-E,INC,0,7,0.0094675337895751
r1-E,INC,1,0,0.0
r1-E,INC,1,1,0.0
r1-E,INC,1,2,0.0
r1-E,INC,1,3,4.82588802697137e-05
r1-E,INC,1,4,4.569781958707608e-05
r1-E,INC,1,5,4.120774246985093e-05
r1-E,INC,1,6,5.1988659834023565e-05
r1-E,INC,1,7,6.161884812172502e-05
r1-E,INC,2,0,0.0004737532581202
r1-E,INC,2,1,0.0
r1-E,INC,2,2,0.0
r1-E,INC,2,3,0.0
r1-E,INC,2,4,0.0007750763907097
r1-E,INC,2,5,0.0003914821136277
r1-E,INC,2,6,0.0003153359284624
r1-E,INC,2,7,0.0004472931032069
r1-E,INC,3,0,0.000407442334108
r1-E,INC,3,1,0.0002303237124579
r1-E,INC,3,2,0.0
r1-E,INC,3,3,0.0
r1-E,INC,3,4,0.0
r1-E,INC,3,5,0.0002657423028722
r1-E,INC,3,6,0.0002674014831427
r1-E,INC,3,7,0.0004185483558103
r1-E,INC,4,0,0.0020442917011678
r1-E,INC,4,1,0.0006186109385453
r1-E,INC,4,2,0.0013324503088369
r1-E,INC,4,3,0.0
r1-E,INC,4,4,0.0
r1-E,INC,4,5,0.0
r1-E,INC,4,6,0.0008168900967575
r1-E,INC,4,7,0.0029503700789064
r1-E,INC,5,0,0.0005303914076648
r1-E,INC,5,1,0.0002318718034075
r1-E,INC,5,2,0.0002773332525976
r1-E,INC,5,3,0.0002542579895816
r1-E,INC,5,4,0.0
r1-E,INC,5,5,0.0
r1-E,INC,5,6,0.0
r1-E,INC,5,7,0.0004468324768822
r1-E,INC,6,0,0.0004059850762132
r1-E,INC,6,1,0.0002130275388481
r1-E,INC,6,2,0.0001971944584511
r1-E,INC,6,3,0.0002350345312152
r1-E,INC,6,4,0.0002787798002827
r1-E,INC,6,5,0.0
r1-E,INC,6,6,0.0
r1-E,INC,6,7,0.0
r1-E,INC,7,0,0.0097766853868961
r1-E,INC,7,1,0.0007695367094129
r1-E,INC,7,2,0.000961581536103
r1-E,INC,7,3,0.0011638579890131
r1-E,INC,7,4,0.0031729768961668
r1-E,INC,7,5,0.0011079437099397
r1-E,INC,7,6,0.0
r1-E,INC,7,7,0.0
r1-E,SWAP,0,0,0.0
r1-E,SWAP,0,1,0.0
r1-E,SWAP,0,2,0.0008548187324777
r1-E,SWAP,0,3,0.0007516051991842
r1-E,SWAP,0,4,0.0019008726812899
r1-E,SWAP,0,5,0.0008960610139183
r1-E,SWAP,0,6,0.0008328456897288
r1-E,SWAP,0,7,0.0059034996666014
r1-E,SWAP,1,0,0.0
r1-E,SWAP,1,1,0.0
r1-E,SWAP,1,2,0.0
r1-E,SWAP,1,3,6.569367542397231e-05
r1-E,SWAP,1,4,5.598649295279756e-05
r1-E,SWAP,1,5,5.253985364106484e-05
r1-E,SWAP,1,6,7.312367961276323e-05
r1-E,SWAP,1,7,8.808090206002817e-05
r1-E,SWAP,2,0,0.0005292399437166
r1-E,SWAP,2,1,0.0
r1-E,SWAP,2,2,0.0
r1-E,SWAP,2,3,0.0
r1-E,SWAP,2,4,0.00090278260177
r1-E,SWAP,2,5,0.0004177140363026
r1-E,SWAP,2,6,0.000336416036589
r1-E,SWAP,2,7,0.0004972452879883
r1-E,SWAP,3,0,0.0002443008124828
r1-E,SWAP,3,1,0.0001838267635321
r1-E,SWAP,3,2,0.0
r1-E,SWAP,3,3,0.0
r1-E,SWAP,3,4,0.0
r1-E,SWAP,3,5,0.0002048297756118
r1-E,SWAP,3,6,0.000205060117878
r1-E,SWAP,3,7,0.000318203412462
r1-E,SWAP,4,0,0.001809983397834
r1-E,SWAP,4,1,0.0006176977767609
r1-E,SWAP,4,2,0.001440072664991
r1-E,SWAP,4,3,0.0
r1-E,SWAP,4,4,0.0
r1-E,SWAP,4,5,0.0
r1-E,SWAP,4,6,0.0008239086018875
r1-E,SWAP,4,7,0.0033910423517227
r1-E,SWAP,5,0,0.0004313601821195
r1-E,SWAP,5,1,0.000213180159335
r1-E,SWAP,5,2,0.0002406142157269
r1-E,SWAP,5,3,0.0002295978047186
r1-E,SWAP,5,4,0.0
r1-E,SWAP,5,5,0.0
r1-E,SWAP,5,6,0.0
r1-E,SWAP,5,7,0.0004370023380033
r1-E,SWAP,6,0,0.000250308890827
r1-E,SWAP,6,1,0.0001648651086725
r1-E,SWAP,6,2,0.0001504639803897
r1-E,SWAP,6,3,0.0001771160459611
r1-E,SWAP,6,4,0.0002104843151755
r1-E,SWAP,6,5,0.0
r1-E,SWAP,6,6,0.0
r1-E,SWAP,6,7,0.0
r1-E,SWAP,7,0,0.0058813667856156
r1-E,SWAP,7,1,0.0007043001241981
r1-E,SWAP,7,2,0.0009179866174235
r1-E,SWAP,7,3,0.0010299704736098
r1-E,SWAP,7,4,0.0033327136188745
r1-E,SWAP,7,5,0.0009927798528224
r1-E,SWAP,7,6,0.0
r1-E,SWAP,7,7,0.0
r1-E,REVERSE_ROTATE,0,0,0.0
r1-E,REVERSE_ROTATE,0,1,0.0
r1-E,REVERSE_ROTATE,0,2,0.000789449957665
r1-E,REVERSE_ROTATE,0,3,0.0007371238898485
r1-E,REVERSE_ROTATE,0,4,0.0017302857013419
r1-E,REVERSE_ROTATE,0,5,0.0008309627301059
r1-E,REVERSE_ROTATE,0,6,0.0007946434780023
r1-E,REVERSE_ROTATE,0,7,0.0052079372107982
r1-E,REVERSE_ROTATE,1,0,0.0
r1-E,REVERSE_ROTATE,1,1,0.0
r1-E,REVERSE_ROTATE,1,2,0.0
r1-E,REVERSE_ROTATE,1,3,8.511074702255428e-05
r1-E,REVERSE_ROTATE,1,4,6.334212957881391e-05
r1-E,REVERSE_ROTATE,1,5,6.386045424733311e-05
r1-E,REVERSE_ROTATE,1,6,9.719307854538783e-05
r1-E,REVERSE_ROTATE,1,7,0.0001189341419376
r1-E,REVERSE_ROTATE,2,0,0.0004771910316776
r1-E,REVERSE_ROTATE,2,1,0.0
r1-E,REVERSE_ROTATE,2,2,0.0
r1-E,REVERSE_ROTATE,2,3,0.0
r1-E,REVERSE_ROTATE,2,4,0.0009276948403567
r1-E,REVERSE_ROTATE,2,5,0.0004253349325153
r1-E,REVERSE_ROTATE,2,6,0.0003419708227738
r1-E,REVERSE_ROTATE,2,7,0.000500633730553
r1-E,REVERSE_ROTATE,3,0,0.0002407035208307
r1-E,REVERSE_ROTATE,3,1,0.000210417623748
r1-E,REVERSE_ROTATE,3,2,0.0
r1-E,REVERSE_ROTATE,3,3,0.0
r1-E,REVERSE_ROTATE,3,4,0.0
r1-E,REVERSE_ROTATE,3,5,0.0002208645018981
r1-E,REVERSE_ROTATE,3,6,0.0002328490227228
r1-E,REVERSE_ROTATE,3,7,0.0003594004665501
r1-E,REVERSE_ROTATE,4,0,0.0016467731911689
r1-E,REVERSE_ROTATE,4,1,0.0006427844637073
r1-E,REVERSE_ROTATE,4,2,0.0014914551284164
r1-E,REVERSE_ROTATE,4,3,0.0
r1-E,REVERSE_ROTATE,4,4,0.0
r1-E,REVERSE_ROTATE,4,5,0.0
r1-E,REVERSE_ROTATE,4,6,0.0008642963366582
r1-E,REVERSE_ROTATE,4,7,0.0037368154153227
r1-E,REVERSE_ROTATE,5,0,0.0003122434718534
r1-E,REVERSE_ROTATE,5,1,0.0002037349477177
r1-E,REVERSE_ROTATE,5,2,0.0002215952117694
r1-E,REVERSE_ROTATE,5,3,0.0002196534187532
r1-E,REVERSE_ROTATE,5,4,0.0
r1-E,REVERSE_ROTATE,5,5,0.0
r1-E,REVERSE_ROTATE,5,6,0.0
r1-E,REVERSE_ROTATE,5,7,0.0004267097392585
r1-E,REVERSE_ROTATE,6,0,0.000164293727721
r1-E,REVERSE_ROTATE,6,1,0.0001440190972061
r1-E,REVERSE_ROTATE,6,2,0.0001260559511138
r1-E,REVERSE_ROTATE,6,3,0.000153578876052
r1-E,REVERSE_ROTATE,6,4,0.0001776329590938
r1-E,REVERSE_ROTATE,6,5,0.0
r1-E,REVERSE_ROTATE,6,6,0.0
r1-E,REVERSE_ROTATE,6,7,0.0
r1-E,REVERSE_ROTATE,7,0,0.004847040399909
r1-E,REVERSE_ROTATE,7,1,0.0007225219160318
r1-E,REVERSE_ROTATE,7,2,0.0009123959462158
r1-E,REVERSE_ROTATE,7,3,0.001075891777873
r1-E,REVERSE_ROTATE,7,4,0.0036901948042213
r1-E,REVERSE_ROTATE,7,5,0.0009935544803738
r1-E,REVERSE_ROTATE,7,6,0.0
r1-E,REVERSE_ROTATE,7,7,0.0
r1-E,REVERSE_INC,0,0,0.0
r1-E,REVERSE_INC,0,1,0.0
r1-E,REVERSE_INC,0,2,0.0009787454036995
r1-E,REVERSE_INC,0,3,0.0010324467439204
r1-E,REVERSE_INC,0,4,0.0022188725415617
r1-E,REVERSE_INC,0,5,0.0010419096797704
r1-E,REVERSE_INC,0,6,0.0010126088745892
r1-E,REVERSE_INC,0,7,0.0104092070832848
r1-E,REVERSE_INC,1,0,0.0
r1-E,REVERSE_INC,1,1,0.0
r1-E,REVERSE_INC,1,2,0.0
r1-E,REVERSE_INC,1,3,4.379494566819631e-05
r1-E,REVERSE_INC,1,4,4.1421273635933176e-05
r1-E,REVERSE_INC,1,5,3.746246875380166e-05
r1-E,REVERSE_INC,1,6,4.64692093373742e-05
r1-E,REVERSE_INC,1,7,5.394161053118296e-05
r1-E,REVERSE_INC,2,0,0.0004935941542498
r1-E,REVERSE_INC,2,1,0.0
r1-E,REVERSE_INC,2,2,0.0
r1-E,REVERSE_INC,2,3,0.0
r1-E,REVERSE_INC,2,4,0.0007933729793876
r1-E,REVERSE_INC,2,5,0.0004006746166851
r1-E,REVERSE_INC,2,6,0.0003215516044292
r1-E,REVERSE_INC,2,7,0.0004570385499391
r1-E,REVERSE_INC,3,0,0.0004332175594754
r1-E,REVERSE_INC,3,1,0.0002317388716619
r1-E,REVERSE_INC,3,2,0.0
r1-E,REVERSE_INC,3,3,0.0
r1-E,REVERSE_INC,3,4,0.0
r1-E,REVERSE_INC,3,5,0.0002733221917878
r1-E,REVERSE_INC,3,6,0.0002748925762716
r1-E,REVERSE_INC,3,7,0.0004289382777642
r1-E,REVERSE_INC,4,0,0.0021212631836533
r1-E,REVERSE_INC,4,1,0.0006291824392974
r1-E,REVERSE_INC,4,2,0.0013682995922863
r1-E,REVERSE_INC,4,3,0.0
r1-E,REVERSE_INC,4,4,0.0
r1-E,REVERSE_INC,4,5,0.0
r1-E,REVERSE_INC,4,6,0.0008379077771678
r1-E,REVERSE_INC,4,7,0.0029510501772165
r1-E,REVERSE_INC,5,0,0.0006219879142008
r1-E,REVERSE_INC,5,1,0.0002472168125677
r1-E,REVERSE_INC,5,2,0.0002994264068547
r1-E,REVERSE_INC,5,3,0.0002746391692198
r1-E,REVERSE_INC,5,4,0.0
r1-E,REVERSE_INC,5,5,0.0
r1-E,REVERSE_INC,5,6,0.0
r1-E,REVERSE_INC,5,7,0.0004569805169012
r1-E,REVERSE_INC,6,0,0.0004596720391418
r1-E,REVERSE_INC,6,1,0.0002268479001941
r1-E,REVERSE_INC,6,2,0.0002099115372402
r1-E,REVERSE_INC,6,3,0.0002519462723284
r1-E,REVERSE_INC,6,4,0.0002975973766297
r1-E,REVERSE_INC,6,5,0.0
r1-E,REVERSE_INC,6,6,0.0
r1-E,REVERSE_INC,6,7,0.0
r1-E,REVERSE_INC,7,0,0.0111615071073174
r1-E,REVERSE_INC,7,1,0.0007736395346
r1-E,REVERSE_INC,7,2,0.0009718569926917
r1-E,REVERSE_INC,7,3,0.0011777135077863
r1-E,REVERSE_INC,7,4,0.0031485299114137
r1-E,REVERSE_INC,7,5,0.0011111157946288
r1-E,REVERSE_INC,7,6,0.0
r1-E,REVERSE_INC,7,7,0.0
r1-E,REVERSE_SWAP,0,0,0.0
r1-E,REVERSE_SWAP,0,1,0.0
r1-E,REVERSE_SWAP,0,2,0.0007930019637569
r1-E,REVERSE_SWAP,0,3,0.0007222566055133
r1-E,REVERSE_SWAP,0,4,0.0017281232867389
r1-E,REVERSE_SWAP,0,5,0.000834944716189
r1-E,REVERSE_SWAP,0,6,0.0007834910065867
r1-E,REVERSE_SWAP,0,7,0.0052113328129053
r1-E,REVERSE_SWAP,1,0,0.0
r1-E,REVERSE_SWAP,1,1,0.0
r1-E,REVERSE_SWAP,1,2,0.0
r1-E,REVERSE_SWAP,1,3,8.314946899190545e-05
r1-E,REVERSE_SWAP,1,4,6.211869913386181e-05
r1-E,REVERSE_SWAP,1,5,6.212478183442727e-05
r1-E,REVERSE_SWAP,1,6,9.453346865484492e-05
r1-E,REVERSE_SWAP,1,7,0.0001130382806877
r1-E,REVERSE_SWAP,2,0,0.0004956508055329
r1-E,REVERSE_SWAP,2,1,0.0
r1-E,REVERSE_SWAP,2,2,0.0
r1-E,REVERSE_SWAP,2,3,0.0
r1-E,REVERSE_SWAP,2,4,0.0008923832792788
r1-E,REVERSE_SWAP,2,5,0.000410717271734
r1-E,REVERSE_SWAP,2,6,0.0003320262185297
r1-E,REVERSE_SWAP,2,7,0.0004802836047019
r1-E,REVERSE_SWAP,3,0,0.0002372325398027
r1-E,REVERSE_SWAP,3,1,0.0001940710062626
r1-E,REVERSE_SWAP,3,2,0.0
r1-E,REVERSE_SWAP,3,3,0.0
r1-E,REVERSE_SWAP,3,4,0.0
r1-E,REVERSE_SWAP,3,5,0.0002027783921221
r1-E,REVERSE_SWAP,3,6,0.000211484672036
r1-E,REVERSE_SWAP,3,7,0.0003151816199533
r1-E,REVERSE_SWAP,4,0,0.0016137365018948
r1-E,REVERSE_SWAP,4,1,0.0005906663136556
r1-E,REVERSE_SWAP,4,2,0.0013799857115373
r1-E,REVERSE_SWAP,4,3,0.0
r1-E,REVERSE_SWAP,4,4,0.0
r1-E,REVERSE_SWAP,4,5,0.0
r1-E,REVERSE_SWAP,4,6,0.000789847515989
r1-E,REVERSE_SWAP,4,7,0.003226893255487
r1-E,REVERSE_SWAP,5,0,0.0003328789316583
r1-E,REVERSE_SWAP,5,1,0.0001994113408727
r1-E,REVERSE_SWAP,5,2,0.000214169602259
r1-E,REVERSE_SWAP,5,3,0.0002119203709298
r1-E,REVERSE_SWAP,5,4,0.0
r1-E,REVERSE_SWAP,5,5,0.0
r1-E,REVERSE_SWAP,5,6,0.0
r1-E,REVERSE_SWAP,5,7,0.0003968219389207
r1-E,REVERSE_SWAP,6,0,0.0001848093088483
r1-E,REVERSE_SWAP,6,1,0.0001505120599176
r1-E,REVERSE_SWAP,6,2,0.0001312433305429
r1-E,REVERSE_SWAP,6,3,0.0001575776259414
r1-E,REVERSE_SWAP,6,4,0.000180301736691
r1-E,REVERSE_SWAP,6,5,0.0
r1-E,REVERSE_SWAP,6,6,0.0
r1-E,REVERSE_SWAP,6,7,0.0
r1-E,REVERSE_SWAP,7,0,0.0053041223436594
r1-E,REVERSE_SWAP,7,1,0.000751158921048
r1-E,REVERSE_SWAP,7,2,0.0009176449966616
r1-E,REVERSE_SWAP,7,3,0.0010498744668439
r1-E,REVERSE_SWAP,7,4,0.00336982938461
r1-E,REVERSE_SWAP,7,5,0.0009870581561699
r1-E,REVERSE_SWAP,7,6,0.0
r1-E,REVERSE_SWAP,7,7,0.0
r1-E,ROTATE_INC,0,0,0.0
r1-E,ROTATE_INC,0,1,0.0
r1-E,ROTATE_INC,0,2,0.0010059144115075
r1-E,ROTATE_INC,0,3,0.0010827085934579
r1-E,ROTATE_INC,0,4,0.0023453817702829
r1-E,ROTATE_INC,0,5,0.0010593227343633
r1-E,ROTATE_INC,0,6,0.0010713398223742
r1-E,ROTATE_INC,0,7,0.0109191527590155
r1-E,ROTATE_INC,1,0,0.0
r1-E,ROTATE_INC,1,1,0.0
r1-E,ROTATE_INC,1,2,0.0
r1-E,ROTATE_INC,1,3,4.942574378219433e-05
r1-E,ROTATE_INC,1,4,4.662474020733498e-05
r1-E,ROTATE_INC,1,5,4.213241845718585e-05
r1-E,ROTATE_INC,1,6,5.315494854585268e-05
r1-E,ROTATE_INC,1,7,6.306939758360386e-05
r1-E,ROTATE_INC,2,0,0.0004689277266152
r1-E,ROTATE_INC,2,1,0.0
r1-E,ROTATE_INC,2,2,0.0
r1-E,ROTATE_INC,2,3,0.0
r1-E,ROTATE_INC,2,4,0.0008252382394857
r1-E,ROTATE_INC,2,5,0.0004095645563211
r1-E,ROTATE_INC,2,6,0.0003230400325264
r1-E,ROTATE_INC,2,7,0.0004732983652502
r1-E,ROTATE_INC,3,0,0.000419667805545
r1-E,ROTATE_INC,3,1,0.0002402184181846
r1-E,ROTATE_INC,3,2,0.0
r1-E,ROTATE_INC,3,3,0.0
r1-E,ROTATE_INC,3,4,0.0
r1-E,ROTATE_INC,3,5,0.0002878470695577
r1-E,ROTATE_INC,3,6,0.0002906710724346
r1-E,ROTATE_INC,3,7,0.0004744163015857
r1-E,ROTATE_INC,4,0,0.0021053038071841
r1-E,ROTATE_INC,4,1,0.0006565647781826
r1-E,ROTATE_INC,4,2,0.0014504669234156
r1-E,ROTATE_INC,4,3,0.0
r1-E,ROTATE_INC,4,4,0.0
r1-E,ROTATE_INC,4,5,0.0
r1-E,ROTATE_INC,4,6,0.0008825841359794
r1-E,ROTATE_INC,4,7,0.0033565033227205
r1-E,ROTATE_INC,5,0,0.0005384464748203
r1-E,ROTATE_INC,5,1,0.0002398589276708
r1-E,ROTATE_INC,5,2,0.000296743644867
r1-E,ROTATE_INC,5,3,0.0002717589668463
r1-E,ROTATE_INC,5,4,0.0
r1-E,ROTATE_INC,5,5,0.0
r1-E,ROTATE_INC,5,6,0.0
r1-E,ROTATE_INC,5,7,0.0004741938028018
r1-E,ROTATE_INC,6,0,0.0004258305125404
r1-E,ROTATE_INC,6,1,0.0002186076599173
r1-E,ROTATE_INC,6,2,0.0002057077217614
r1-E,ROTATE_INC,6,3,0.0002506519376765
r1-E,ROTATE_INC,6,4,0.0002979031123686
r1-E,ROTATE_INC,6,5,0.0
r1-E,ROTATE_INC,6,6,0.0
r1-E,ROTATE_INC,6,7,0.0
r1-E,ROTATE_INC,7,0,0.0106203844770789
r1-E,ROTATE_INC,7,1,0.0007667854661121
r1-E,ROTATE_INC,7,2,0.0009821209823712
r1-E,ROTATE_INC,7,3,0.00122715102043
r1-E,ROTATE_INC,7,4,0.0034371868241578
r1-E,ROTATE_INC,7,5,0.0011366645339876
r1-E,ROTATE_INC,7,6,0.0
r1-E,ROTATE_INC,7,7,0.0
r1-E,ROTATE_SWAP,0,0,0.0
r1-E,ROTATE_SWAP,0,1,0.0
r1-E,ROTATE_SWAP,0,2,0.0007471700082533
r1-E,ROTATE_SWAP,0,3,0.0006987632950767
r1-E,ROTATE_SWAP,0,4,0.0016265076119452
r1-E,ROTATE_SWAP,0,5,0.0007834721473045
r1-E,ROTATE_SWAP,0,6,0.0007489456911571
r1-E,ROTATE_SWAP,0,7,0.0044480673968791
r1-E,ROTATE_SWAP,1,0,0.0
r1-E,ROTATE_SWAP,1,1,0.0
r1-E,ROTATE_SWAP,1,2,0.0
r1-E,ROTATE_SWAP,1,3,8.625413465779275e-05
r1-E,ROTATE_SWAP,1,4,6.271482561714947e-05
r1-E,ROTATE_SWAP,1,5,6.387647590599954e-05
r1-E,ROTATE_SWAP,1,6,9.915651025949046e-05
r1-E,ROTATE_SWAP,1,7,0.0001207570458063
r1-E,ROTATE_SWAP,2,0,0.000480058195535
r1-E,ROTATE_SWAP,2,1,0.0
r1-E,ROTATE_SWAP,2,2,0.0
r1-E,ROTATE_SWAP,2,3,0.0
r1-E,ROTATE_SWAP,2,4,0.0009049747604876
r1-E,ROTATE_SWAP,2,5,0.0004150056047365
r1-E,ROTATE_SWAP,2,6,0.0003371820203028
r1-E,ROTATE_SWAP,2,7,0.0004852944111917
r1-E,ROTATE_SWAP,3,0,0.0002436822978779
r1-E,ROTATE_SWAP,3,1,0.0002071245689876
r1-E,ROTATE_SWAP,3,2,0.0
r1-E,ROTATE_SWAP,3,3,0.0
r1-E,ROTATE_SWAP,3,4,0.0
r1-E,ROTATE_SWAP,3,5,0.0002126794861396
r1-E,ROTATE_SWAP,3,6,0.000225290263188
r1-E,ROTATE_SWAP,3,7,0.0003342444833833
r1-E,ROTATE_SWAP,4,0,0.0015822834102436
r1-E,ROTATE_SWAP,4,1,0.0005933110951445
r1-E,ROTATE_SWAP,4,2,0.0013976901536807
r1-E,ROTATE_SWAP,4,3,0.0
r1-E,ROTATE_SWAP,4,4,0.0
r1-E,ROTATE_SWAP,4,5,0.0
r1-E,ROTATE_SWAP,4,6,0.0008077641832642
r1-E,ROTATE_SWAP,4,7,0.0033611019607633
r1-E,ROTATE_SWAP,5,0,0.0003005626494996
r1-E,ROTATE_SWAP,5,1,0.0001955045008799
r1-E,ROTATE_SWAP,5,2,0.0002094432711601
r1-E,ROTATE_SWAP,5,3,0.0002083713625324
r1-E,ROTATE_SWAP,5,4,0.0
r1-E,ROTATE_SWAP,5,5,0.0
r1-E,ROTATE_SWAP,5,6,0.0
r1-E,ROTATE_SWAP,5,7,0.0003919774899259
r1-E,ROTATE_SWAP,6,0,0.0001792479888536
r1-E,ROTATE_SWAP,6,1,0.000156691254233
r1-E,ROTATE_SWAP,6,2,0.0001354012929368
r1-E,ROTATE_SWAP,6,3,0.0001637941604712
r1-E,ROTATE_SWAP,6,4,0.0001892752334242
r1-E,ROTATE_SWAP,6,5,0.0
r1-E,ROTATE_SWAP,6,6,0.0
r1-E,ROTATE_SWAP,6,7,0.0
r1-E,ROTATE_SWAP,7,0,0.0043665738776326
r1-E,ROTATE_SWAP,7,1,0.0007234884542413
r1-E,ROTATE_SWAP,7,2,0.0008971086936071
r1-E,ROTATE_SWAP,7,3,0.0010348015930503
r1-E,ROTATE_SWAP,7,4,0.0035179022233933
r1-E,ROTATE_SWAP,7,5,0.0009661084623076
r1-E,ROTATE_SWAP,7,6,0.0
r1-E,ROTATE_SWAP,7,7,0.0
r1-E,INC_SWAP,0,0,0.0
r1-E,INC_SWAP,0,1,0.0
r1-E,INC_SWAP,0,2,0.0009586245287209
r1-E,INC_SWAP,0,3,0.000997440656647
r1-E,INC_SWAP,0,4,0.0022072009742259
r1-E,INC_SWAP,0,5,0.0010214482899755
r1-E,INC_SWAP,0,6,0.0009788372553884
r1-E,INC_SWAP,0,7,0.0091216787695884
r1-E,INC_SWAP,1,0,0.0
r1-E,INC_SWAP,1,1,0.0
r1-E,INC_SWAP,1,2,0.0
r1-E,INC_SWAP,1,3,4.788461956195533e-05
r1-E,INC_SWAP,1,4,4.52603489975445e-05
r1-E,INC_SWAP,1,5,4.077583071193658e-05
r1-E,INC_SWAP,1,6,5.141360088600777e-05
r1-E,INC_SWAP,1,7,6.0393562307581306e-05
r1-E,INC_SWAP,2,0,0.0004856505256611
r1-E,INC_SWAP,2,1,0.0
r1-E,INC_SWAP,2,2,0.0
r1-E,INC_SWAP,2,3,0.0
r1-E,INC_SWAP,2,4,0.0007947481935843
r1-E,INC_SWAP,2,5,0.0004012870485894
r1-E,INC_SWAP,2,6,0.0003197231271769
r1-E,INC_SWAP,2,7,0.0004614383797161
r1-E,INC_SWAP,3,0,0.0004267942567821
r1-E,INC_SWAP,3,1,0.000243479560595
r1-E,INC_SWAP,3,2,0.0
r1-E,INC_SWAP,3,3,0.0
r1-E,INC_SWAP,3,4,0.0
r1-E,INC_SWAP,3,5,0.0002885728608816
r1-E,INC_SWAP,3,6,0.0002893454511649
r1-E,INC_SWAP,3,7,0.0004653035139199
r1-E,INC_SWAP,4,0,0.0021016751416027
r1-E,INC_SWAP,4,1,0.0006438512937165
r1-E,INC_SWAP,4,2,0.0014142506988719
r1-E,INC_SWAP,4,3,0.0
r1-E,INC_SWAP,4,4,0.0
r1-E,INC_SWAP,4,5,0.0
r1-E,INC_SWAP,4,6,0.0008586582262068
r1-E,INC_SWAP,4,7,0.00322015886195
r1-E,INC_SWAP,5,0,0.0005642336327582
r1-E,INC_SWAP,5,1,0.0002393377508269
r1-E,INC_SWAP,5,2,0.0002924256259575
r1-E,INC_SWAP,5,3,0.0002687049563974
r1-E,INC_SWAP,5,4,0.0
r1-E,INC_SWAP,5,5,0.0
r1-E,INC_SWAP,5,6,0.0
r1-E,INC_SWAP,5,7,0.0004632704076357
r1-E,INC_SWAP,6,0,0.0004298790299799
r1-E,INC_SWAP,6,1,0.0002210575476055
r1-E,INC_SWAP,6,2,0.0002066831511911
r1-E,INC_SWAP,6,3,0.00024882418802
r1-E,INC_SWAP,6,4,0.0002953083312604
r1-E,INC_SWAP,6,5,0.0
r1-E,INC_SWAP,6,6,0.0
r1-E,INC_SWAP,6,7,0.0
r1-E,INC_SWAP,7,0,0.0095104230567812
r1-E,INC_SWAP,7,1,0.0007570926100015
r1-E,INC_SWAP,7,2,0.0009455556282773
r1-E,INC_SWAP,7,3,0.0011653274996206
r1-E,INC_SWAP,7,4,0.0032552967313677
r1-E,INC_SWAP,7,5,0.0011013356270268
r1-E,INC_SWAP,7,6,0.0
r1-E,INC_SWAP,7,7,0.0
r2-E,REVERSE,0,0,0.0
r2-E,REVERSE,0,1,0.0
r2-E,REVERSE,0,2,0.0005176275153644
r2-E,REVERSE,0,3,0.0014500853139907
r2-E,REVERSE,0,4,0.0010060704080387
r2-E,REVERSE,0,5,0.0005669494858011
r2-E,REVERSE,0,6,0.0016247716266661
r2-E,REVERSE,0,7,0.0032790577970445
r2-E,REVERSE,1,0,0.0
r2-E,REVERSE,1,1,0.0
r2-E,REVERSE,1,2,0.0
r2-E,REVERSE,1,3,0.0001533381291665
r2-E,REVERSE,1,4,0.0001163046690635
r2-E,REVERSE,1,5,0.0001232874637935
r2-E,REVERSE,1,6,0.0001067651173798
r2-E,REVERSE,1,7,9.551181574352086e-05
r2-E,REVERSE,2,0,0.0004618504317477
r2-E,REVERSE,2,1,0.0
r2-E,REVERSE,2,2,0.0
r2-E,REVERSE,2,3,0.0
r2-E,REVERSE,2,4,0.0002908804744947
r2-E,REVERSE,2,5,0.0002568234340287
r2-E,REVERSE,2,6,0.0003773705684579
r2-E,REVERSE,2,7,0.000257190404227
r2-E,REVERSE,3,0,0.0031233746558427
r2-E,REVERSE,3,1,0.0008220899617299
r2-E,REVERSE,3,2,0.0
r2-E,REVERSE,3,3,0.0
r2-E,REVERSE,3,4,0.0
r2-E,REVERSE,3,5,0.0008956963429227
r2-E,REVERSE,3,6,0.0012845901073887
r2-E,REVERSE,3,7,0.000832665420603
r2-E,REVERSE,4,0,0.0027343672700226
r2-E,REVERSE,4,1,0.0007099310168996
r2-E,REVERSE,4,2,0.0007145550334826
r2-E,REVERSE,4,3,0.0
r2-E,REVERSE,4,4,0.0
r2-E,REVERSE,4,5,0.0
r2-E,REVERSE,4,6,0.0009286505519412
r2-E,REVERSE,4,7,0.0007560267113149
r2-E,REVERSE,5,0,0.0006551970727741
r2-E,REVERSE,5,1,0.0003594245354179
r2-E,REVERSE,5,2,0.000331778632244
r2-E,REVERSE,5,3,0.000475647218991
r2-E,REVERSE,5,4,0.0
r2-E,REVERSE,5,5,0.0
r2-E,REVERSE,5,6,0.0
r2-E,REVERSE,5,7,0.0003026809426955
r2-E,REVERSE,6,0,0.0036417904775589
r2-E,REVERSE,6,1,0.0004940785001963
r2-E,REVERSE,6,2,0.0006990308174863
r2-E,REVERSE,6,3,0.0012033591046929
r2-E,REVERSE,6,4,0.0007984654512256
r2-E,REVERSE,6,5,0.0
r2-E,REVERSE,6,6,0.0
r2-E,REVERSE,6,7,0.0
r2-E,REVERSE,7,0,0.0099268238991498
r2-E,REVERSE,7,1,0.0009888057829812
r2-E,REVERSE,7,2,0.0010100986110046
r2-E,REVERSE,7,3,0.001343426760286
r2-E,REVERSE,7,4,0.0011867764405906
r2-E,REVERSE,7,5,0.0009355670772492
r2-E,REVERSE,7,6,0.0
r2-E,REVERSE,7,7,0.0
r2-E,ROTATE,0,0,0.0
r2-E,ROTATE,0,1,0.0
r2-E,ROTATE,0,2,0.0005499830585904
r2-E,ROTATE,0,3,0.0015386684099212
r2-E,ROTATE,0,4,0.0010802629403769
r2-E,ROTATE,0,5,0.0005882182158529
r2-E,ROTATE,0,6,0.0015466174809262
r2-E,ROTATE,0,7,0.0034247792791575
r2-E,ROTATE,1,0,0.0
r2-E,ROTATE,1,1,0.0
r2-E,ROTATE,1,2,0.0
r2-E,ROTATE,1,3,0.000180609349627
r2-E,ROTATE,1,4,0.0001359442685497
r2-E,ROTATE,1,5,0.0001425426598871
r2-E,ROTATE,1,6,0.0001218050310853
r2-E,ROTATE,1,7,0.0001096922424039
r2-E,ROTATE,2,0,0.0005115703679621
r2-E,ROTATE,2,1,0.0
r2-E,ROTATE,2,2,0.0
r2-E,ROTATE,2,3,0.0
r2-E,ROTATE,2,4,0.0003262711979914
r2-E,ROTATE,2,5,0.00027878061519
r2-E,ROTATE,2,6,0.0004429278778843
r2-E,ROTATE,2,7,0.0002831518941093
r2-E,ROTATE,3,0,0.0031621747184544
r2-E,ROTATE,3,1,0.0008456236682832
r2-E,ROTATE,3,2,0.0
r2-E,ROTATE,3,3,0.0
r2-E,ROTATE,3,4,0.0
r2-E,ROTATE,3,5,0.0008966121240518
r2-E,ROTATE,3,6,0.0013044525403529
r2-E,ROTATE,3,7,0.0008381847292184
r2-E,ROTATE,4,0,0.0028890969697386
r2-E,ROTATE,4,1,0.0007302131270989
r2-E,ROTATE,4,2,0.0007238537073135
r2-E,ROTATE,4,3,0.0
r2-E,ROTATE,4,4,0.0
r2-E,ROTATE,4,5,0.0
r2-E,ROTATE,4,6,0.0009666351252235
r2-E,ROTATE,4,7,0.0007781675667501
r2-E,ROTATE,5,0,0.0006355697405524
r2-E,ROTATE,5,1,0.0003607599064707
r2-E,ROTATE,5,2,0.0003292846377007
r2-E,ROTATE,5,3,0.0004732961242552
r2-E,ROTATE,5,4,0.0
r2-E,ROTATE,5,5,0.0
r2-E,ROTATE,5,6,0.0
r2-E,ROTATE,5,7,0.0003022163873538
r2-E,ROTATE,6,0,0.0032837558537721
r2-E,ROTATE,6,1,0.0004869738477282
r2-E,ROTATE,6,2,0.0007123055984266
r2-E,ROTATE,6,3,0.0011896369978785
r2-E,ROTATE,6,4,0.000809739169199
r2-E,ROTATE,6,5,0.0
r2-E,ROTATE,6,6,0.0
r2-E,ROTATE,6,7,0.0
r2-E,ROTATE,7,0,0.0105663351714611
r2-E,ROTATE,7,1,0.0010666385060176
r2-E,ROTATE,7,2,0.0010937342885881
r2-E,ROTATE,7,3,0.0014536422677338
r2-E,ROTATE,7,4,0.0013037462485954
r2-E,ROTATE,7,5,0.0010012066923081
r2-E,ROTATE,7,6,0.0
r2-E,ROTATE,7,7,0.0
r2-E,INC,0,0,0.0
r2-E,INC,0,1,0.0
r2-E,INC,0,2,0.000533654121682
r2-E,INC,0,3,0.0007390028913505
r2-E,INC,0,4,0.0005650449893437
r2-E,INC,0,5,0.0003770327602978
r2-E,INC,0,6,0.0020081268157809
r2-E,INC,0,7,0.0031128644477576
r2-E,INC,1,0,0.0
r2-E,INC,1,1,0.0
r2-E,INC,1,2,0.0
r2-E,INC,1,3,8.349482232006267e-05
r2-E,INC,1,4,6.309212039923295e-05
r2-E,INC,1,5,6.868255150038749e-05
r2-E,INC,1,6,6.557191954925656e-05
r2-E,INC,1,7,5.863255501026288e-05
r2-E,INC,2,0,0.0005830907612107
r2-E,INC,2,1,0.0
r2-E,INC,2,2,0.0
r2-E,INC,2,3,0.0
r2-E,INC,2,4,0.0003184760280419
r2-E,INC,2,5,0.0002912548661697
r2-E,INC,2,6,0.0004660593986045
r2-E,INC,2,7,0.0002972870715893
r2-E,INC,3,0,0.0007563509861938
r2-E,INC,3,1,0.0003006020269822
r2-E,INC,3,2,0.0
r2-E,INC,3,3,0.0
r2-E,INC,3,4,0.0
r2-E,INC,3,5,0.0003657319757621
r2-E,INC,3,6,0.0005717111052945
r2-E,INC,3,7,0.000354001589585
r2-E,INC,4,0,0.0008539471309632
r2-E,INC,4,1,0.0003641837392933
r2-E,INC,4,2,0.0003944816708099
r2-E,INC,4,3,0.0
r2-E,INC,4,4,0.0
r2-E,INC,4,5,0.0
r2-E,INC,4,6,0.000564788642805
r2-E,INC,4,7,0.0004195580550003
r2-E,INC,5,0,0.0002611714880913
r2-E,INC,5,1,0.0001916135224746
r2-E,INC,5,2,0.0001853381399996
r2-E,INC,5,3,0.0002722192730288
r2-E,INC,5,4,0.0
r2-E,INC,5,5,0.0
r2-E,INC,5,6,0.0
r2-E,INC,5,7,0.0001703124435152
r2-E,INC,6,0,0.0038810714613646
r2-E,INC,6,1,0.0005153712118044
r2-E,INC,6,2,0.000796393956989
r2-E,INC,6,3,0.0011817070189863
r2-E,INC,6,4,0.0008648778311908
r2-E,INC,6,5,0.0
r2-E,INC,6,6,0.0
r2-E,INC,6,7,0.0
r2-E,INC,7,0,0.007054288405925
r2-E,INC,7,1,0.0005566895124502
r2-E,INC,7,2,0.0005916274385526
r2-E,INC,7,3,0.0008156825788319
r2-E,INC,7,4,0.0006665408145636
r2-E,INC,7,5,0.0005352732841856
r2-E,INC,7,6,0.0
r2-E,INC,7,7,0.0
r2-E,SWAP,0,0,0.0
r2-E,SWAP,0,1,0.0
r2-E,SWAP,0,2,0.0005708871176466
r2-E,SWAP,0,3,0.0016964994138106
r2-E,SWAP,0,4,0.0011778142070397
r2-E,SWAP,0,5,0.0006021747249178
r2-E,SWAP,0,6,0.0017091541085392
r2-E,SWAP,0,7,0.0035679971333593
r2-E,SWAP,1,0,0.0
r2-E,SWAP,1,1,0.0
r2-E,SWAP,1,2,0.0
r2-E,SWAP,1,3,0.0001829223474487
r2-E,SWAP,1,4,0.0001361298345727
r2-E,SWAP,1,5,0.0001442925567971
r2-E,SWAP,1,6,0.0001227267784997
r2-E,SWAP,1,7,0.0001094902399927
r2-E,SWAP,2,0,0.0005133410450071
r2-E,SWAP,2,1,0.0
r2-E,SWAP,2,2,0.0
r2-E,SWAP,2,3,0.0
r2-E,SWAP,2,4,0.0003131375706288
r2-E,SWAP,2,5,0.0002733638393692
r2-E,SWAP,2,6,0.0004133509937673
r2-E,SWAP,2,7,0.0002763324882835
r2-E,SWAP,3,0,0.0035616511013358
r2-E,SWAP,3,1,0.0008960991399362
r2-E,SWAP,3,2,0.0
r2-E,SWAP,3,3,0.0
r2-E,SWAP,3,4,0.0
r2-E,SWAP,3,5,0.0009513485711067
r2-E,SWAP,3,6,0.001368670607917
r2-E,SWAP,3,7,0.0008887078729458
r2-E,SWAP,4,0,0.003270999295637
r2-E,SWAP,4,1,0.0007759581785649
r2-E,SWAP,4,2,0.0007688118494115
r2-E,SWAP,4,3,0.0
r2-E,SWAP,4,4,0.0
r2-E,SWAP,4,5,0.0
r2-E,SWAP,4,6,0.0010158792138099
r2-E,SWAP,4,7,0.0008280782494693
r2-E,SWAP,5,0,0.0005895554204471
r2-E,SWAP,5,1,0.0003472487733233
r2-E,SWAP,5,2,0.0003140403714496
r2-E,SWAP,5,3,0.0004539674264378
r2-E,SWAP,5,4,0.0
r2-E,SWAP,5,5,0.0
r2-E,SWAP,5,6,0.0
r2-E,SWAP,5,7,0.0002893929486162
r2-E,SWAP,6,0,0.0037652144674211
r2-E,SWAP,6,1,0.0005137328989803
r2-E,SWAP,6,2,0.000744957011193
r2-E,SWAP,6,3,0.0012553185224533
r2-E,SWAP,6,4,0.0008477055234834
r2-E,SWAP,6,5,0.0
r2-E,SWAP,6,6,0.0
r2-E,SWAP,6,7,0.0
r2-E,SWAP,7,0,0.0110178645700216
r2-E,SWAP,7,1,0.0010763033060356
r2-E,SWAP,7,2,0.0011006101267412
r2-E,SWAP,7,3,0.0014684875495731
r2-E,SWAP,7,4,0.0013096999609842
r2-E,SWAP,7,5,0.0010115545010194
r2-E,SWAP,7,6,0.0
r2-E,SWAP,7,7,0.0
r2-E,REVERSE_ROTATE,0,0,0.0
r2-E,REVERSE_ROTATE,0,1,0.0
r2-E,REVERSE_ROTATE,0,2,0.0005445980932563
r2-E,REVERSE_ROTATE,0,3,0.0015092939138412
r2-E,REVERSE_ROTATE,0,4,0.0010484328959137
r2-E,REVERSE_ROTATE,0,5,0.0005918569513596
r2-E,REVERSE_ROTATE,0,6,0.001562998862937
r2-E,REVERSE_ROTATE,0,7,0.0034461535979062
r2-E,REVERSE_ROTATE,1,0,0.0
r2-E,REVERSE_ROTATE,1,1,0.0
r2-E,REVERSE_ROTATE,1,2,0.0
r2-E,REVERSE_ROTATE,1,3,0.0001749450893839
r2-E,REVERSE_ROTATE,1,4,0.0001315043191425
r2-E,REVERSE_ROTATE,1,5,0.0001383808412356
r2-E,REVERSE_ROTATE,1,6,0.0001198213285533
r2-E,REVERSE_ROTATE,1,7,0.0001077018750947
r2-E,REVERSE_ROTATE,2,0,0.0004976105410605
r2-E,REVERSE_ROTATE,2,1,0.0
r2-E,REVERSE_ROTATE,2,2,0.0
r2-E,REVERSE_ROTATE,2,3,0.0
r2-E,REVERSE_ROTATE,2,4,0.0003299509116914
r2-E,REVERSE_ROTATE,2,5,0.0002779000787995
r2-E,REVERSE_ROTATE,2,6,0.0004658240068238
r2-E,REVERSE_ROTATE,2,7,0.0002851260942406
r2-E,REVERSE_ROTATE,3,0,0.003013402223587
r2-E,REVERSE_ROTATE,3,1,0.0008250235114246
r2-E,REVERSE_ROTATE,3,2,0.0
r2-E,REVERSE_ROTATE,3,3,0.0
r2-E,REVERSE_ROTATE,3,4,0.0
r2-E,REVERSE_ROTATE,3,5,0.0008747555548325
r2-E,REVERSE_ROTATE,3,6,0.001265661092475
r2-E,REVERSE_ROTATE,3,7,0.0008134442032314
r2-E,REVERSE_ROTATE,4,0,0.0026262062601745
r2-E,REVERSE_ROTATE,4,1,0.0006930330418981
r2-E,REVERSE_ROTATE,4,2,0.0006992588168941
r2-E,REVERSE_ROTATE,4,3,0.0
r2-E,REVERSE_ROTATE,4,4,0.0
r2-E,REVERSE_ROTATE,4,5,0.0
r2-E,REVERSE_ROTATE,4,6,0.0009492359240539
r2-E,REVERSE_ROTATE,4,7,0.0007485342212021
r2-E,REVERSE_ROTATE,5,0,0.000661498226691
r2-E,REVERSE_ROTATE,5,1,0.0003684941038955
r2-E,REVERSE_ROTATE,5,2,0.0003340991097502
r2-E,REVERSE_ROTATE,5,3,0.0004791384853888
r2-E,REVERSE_ROTATE,5,4,0.0
r2-E,REVERSE_ROTATE,5,5,0.0
r2-E,REVERSE_ROTATE,5,6,0.0
r2-E,REVERSE_ROTATE,5,7,0.0003060791059397
r2-E,REVERSE_ROTATE,6,0,0.0030248039402067
r2-E,REVERSE_ROTATE,6,1,0.0004489703569561
r2-E,REVERSE_ROTATE,6,2,0.0006669756257906
r2-E,REVERSE_ROTATE,6,3,0.0011477809166535
r2-E,REVERSE_ROTATE,6,4,0.0007636262453161
r2-E,REVERSE_ROTATE,6,5,0.0
r2-E,REVERSE_ROTATE,6,6,0.0
r2-E,REVERSE_ROTATE,6,7,0.0
r2-E,REVERSE_ROTATE,7,0,0.009908583946526
r2-E,REVERSE_ROTATE,7,1,0.0010113307507708
r2-E,REVERSE_ROTATE,7,2,0.0010467574466019
r2-E,REVERSE_ROTATE,7,3,0.0014134305529296
r2-E,REVERSE_ROTATE,7,4,0.0012423043372109
r2-E,REVERSE_ROTATE,7,5,0.0009542234474793
r2-E,REVERSE_ROTATE,7,6,0.0
r2-E,REVERSE_ROTATE,7,7,0.0
r2-E,REVERSE_INC,0,0,0.0
r2-E,REVERSE_INC,0,1,0.0
r2-E,REVERSE_INC,0,2,0.0005095537635497
r2-E,REVERSE_INC,0,3,0.000753853295464
r2-E,REVERSE_INC,0,4,0.000667031854391
r2-E,REVERSE_INC,0,5,0.0004220192204229
r2-E,REVERSE_INC,0,6,0.0019153602188453
r2-E,REVERSE_INC,0,7,0.0027241157367825
r2-E,REVERSE_INC,1,0,0.0
r2-E,REVERSE_INC,1,1,0.0
r2-E,REVERSE_INC,1,2,0.0
r2-E,REVERSE_INC,1,3,8.397881174460053e-05
r2-E,REVERSE_INC,1,4,6.675586337223649e-05
r2-E,REVERSE_INC,1,5,6.99710872140713e-05
r2-E,REVERSE_INC,1,6,6.725357525283471e-05
r2-E,REVERSE_INC,1,7,6.147287786006927e-05
r2-E,REVERSE_INC,2,0,0.000376281881472
r2-E,REVERSE_INC,2,1,0.0
r2-E,REVERSE_INC,2,2,0.0
r2-E,REVERSE_INC,2,3,0.0
r2-E,REVERSE_INC,2,4,0.0002416395582258
r2-E,REVERSE_INC,2,5,0.0002178199938498
r2-E,REVERSE_INC,2,6,0.0003348354657646
r2-E,REVERSE_INC,2,7,0.0002273100981255
r2-E,REVERSE_INC,3,0,0.000697664101608
r2-E,REVERSE_INC,3,1,0.0002736462920438
r2-E,REVERSE_INC,3,2,0.0
r2-E,REVERSE_INC,3,3,0.0
r2-E,REVERSE_INC,3,4,0.0
r2-E,REVERSE_INC,3,5,0.0003212424344383
r2-E,REVERSE_INC,3,6,0.0005180264124646
r2-E,REVERSE_INC,3,7,0.0003335702349431
r2-E,REVERSE_INC,4,0,0.0011397216003388
r2-E,REVERSE_INC,4,1,0.0003961968468502
r2-E,REVERSE_INC,4,2,0.0004145123821217
r2-E,REVERSE_INC,4,3,0.0
r2-E,REVERSE_INC,4,4,0.0
r2-E,REVERSE_INC,4,5,0.0
r2-E,REVERSE_INC,4,6,0.0005657512811012
r2-E,REVERSE_INC,4,7,0.0004530631122179
r2-E,REVERSE_INC,5,0,0.0002884852874558
r2-E,REVERSE_INC,5,1,0.0002062485436908
r2-E,REVERSE_INC,5,2,0.000198291731067
r2-E,REVERSE_INC,5,3,0.000287275732262
r2-E,REVERSE_INC,5,4,0.0
r2-E,REVERSE_INC,5,5,0.0
r2-E,REVERSE_INC,5,6,0.0
r2-E,REVERSE_INC,5,7,0.0001851501438068
r2-E,REVERSE_INC,6,0,0.003297304501757
r2-E,REVERSE_INC,6,1,0.0004844560171477
r2-E,REVERSE_INC,6,2,0.0007128922734409
r2-E,REVERSE_INC,6,3,0.0010792862158268
r2-E,REVERSE_INC,6,4,0.0007914083544164
r2-E,REVERSE_INC,6,5,0.0
r2-E,REVERSE_INC,6,6,0.0
r2-E,REVERSE_INC,6,7,0.0
r2-E,REVERSE_INC,7,0,0.0064345910213887
r2-E,REVERSE_INC,7,1,0.0005358434864319
r2-E,REVERSE_INC,7,2,0.0005645167548209
r2-E,REVERSE_INC,7,3,0.0007886380772106
r2-E,REVERSE_INC,7,4,0.0006564173963852
r2-E,REVERSE_INC,7,5,0.0005103842704556
r2-E,REVERSE_INC,7,6,0.0
r2-E,REVERSE_INC,7,7,0.0
r2-E,REVERSE_SWAP,0,0,0.0
r2-E,REVERSE_SWAP,0,1,0.0
r2-E,REVERSE_SWAP,0,2,0.0005139808636158
r2-E,REVERSE_SWAP,0,3,0.0014549593906849
r2-E,REVERSE_SWAP,0,4,0.0009680757066234
r2-E,REVERSE_SWAP,0,5,0.0005660204333253
r2-E,REVERSE_SWAP,0,6,0.0015418134862557
r2-E,REVERSE_SWAP,0,7,0.0032550895120948
r2-E,REVERSE_SWAP,1,0,0.0
r2-E,REVERSE_SWAP,1,1,0.0
r2-E,REVERSE_SWAP,1,2,0.0
r2-E,REVERSE_SWAP,1,3,0.0001611809420865
r2-E,REVERSE_SWAP,1,4,0.0001200972037622
r2-E,REVERSE_SWAP,1,5,0.000127602746943
r2-E,REVERSE_SWAP,1,6,0.0001118086802307
r2-E,REVERSE_SWAP,1,7,9.93173016468063e-05
r2-E,REVERSE_SWAP,2,0,0.0004474971210584
r2-E,REVERSE_SWAP,2,1,0.0
r2-E,REVERSE_SWAP,2,2,0.0
r2-E,REVERSE_SWAP,2,3,0.0
r2-E,REVERSE_SWAP,2,4,0.0002830905723385
r2-E,REVERSE_SWAP,2,5,0.0002502306306269
r2-E,REVERSE_SWAP,2,6,0.0003720041713677
r2-E,REVERSE_SWAP,2,7,0.000250492390478
r2-E,REVERSE_SWAP,3,0,0.003014019690454
r2-E,REVERSE_SWAP,3,1,0.0008183148456737
r2-E,REVERSE_SWAP,3,2,0.0
r2-E,REVERSE_SWAP,3,3,0.0
r2-E,REVERSE_SWAP,3,4,0.0
r2-E,REVERSE_SWAP,3,5,0.0008832234307192
r2-E,REVERSE_SWAP,3,6,0.0012728831497952
r2-E,REVERSE_SWAP,3,7,0.0008235323475673
r2-E,REVERSE_SWAP,4,0,0.0024701643269509
r2-E,REVERSE_SWAP,4,1,0.0006681995582766
r2-E,REVERSE_SWAP,4,2,0.0006731225294061
r2-E,REVERSE_SWAP,4,3,0.0
r2-E,REVERSE_SWAP,4,4,0.0
r2-E,REVERSE_SWAP,4,5,0.0
r2-E,REVERSE_SWAP,4,6,0.0008833348983898
r2-E,REVERSE_SWAP,4,7,0.000712813634891
r2-E,REVERSE_SWAP,5,0,0.0006311634206213
r2-E,REVERSE_SWAP,5,1,0.0003533715498633
r2-E,REVERSE_SWAP,5,2,0.0003220774524379
r2-E,REVERSE_SWAP,5,3,0.0004626953741535
r2-E,REVERSE_SWAP,5,4,0.0
r2-E,REVERSE_SWAP,5,5,0.0
r2-E,REVERSE_SWAP,5,6,0.0
r2-E,REVERSE_SWAP,5,7,0.0002941911225207
r2-E,REVERSE_SWAP,6,0,0.0032324879430234
r2-E,REVERSE_SWAP,6,1,0.0004616096266545
r2-E,REVERSE_SWAP,6,2,0.0006486381753347
r2-E,REVERSE_SWAP,6,3,0.0011577797122299
r2-E,REVERSE_SWAP,6,4,0.0007458842010237
r2-E,REVERSE_SWAP,6,5,0.0
r2-E,REVERSE_SWAP,6,6,0.0
r2-E,REVERSE_SWAP,6,7,0.0
r2-E,REVERSE_SWAP,7,0,0.0094978539273142
r2-E,REVERSE_SWAP,7,1,0.0009629026171751
r2-E,REVERSE_SWAP,7,2,0.0009788509923964
r2-E,REVERSE_SWAP,7,3,0.0013259253464639
r2-E,REVERSE_SWAP,7,4,0.0011447437573224
r2-E,REVERSE_SWAP,7,5,0.0009089841041713
r2-E,REVERSE_SWAP,7,6,0.0
r2-E,REVERSE_SWAP,7,7,0.0
r2-E,ROTATE_INC,0,0,0.0
r2-E,ROTATE_INC,0,1,0.0
r2-E,ROTATE_INC,0,2,0.0004882746434304
r2-E,ROTATE_INC,0,3,0.0008459528326056
r2-E,ROTATE_INC,0,4,0.0006520641036331
r2-E,ROTATE_INC,0,5,0.0004074372700415
r2-E,ROTATE_INC,0,6,0.0018508996581658
r2-E,ROTATE_INC,0,7,0.0028719613328576
r2-E,ROTATE_INC,1,0,0.0
r2-E,ROTATE_INC,1,1,0.0
r2-E,ROTATE_INC,1,2,0.0
r2-E,ROTATE_INC,1,3,9.765219874680042e-05
r2-E,ROTATE_INC,1,4,7.674170046811923e-05
r2-E,ROTATE_INC,1,5,7.980291411513463e-05
r2-E,ROTATE_INC,1,6,7.68821919336915e-05
r2-E,ROTATE_INC,1,7,6.96595452609472e-05
r2-E,ROTATE_INC,2,0,0.0005999705172143
r2-E,ROTATE_INC,2,1,0.0
r2-E,ROTATE_INC,2,2,0.0
r2-E,ROTATE_INC,2,3,0.0
r2-E,ROTATE_INC,2,4,0.0003441897861193
r2-E,ROTATE_INC,2,5,0.000306488975184
r2-E,ROTATE_INC,2,6,0.0004896755563095
r2-E,ROTATE_INC,2,7,0.0003119519678875
r2-E,ROTATE_INC,3,0,0.0012447072658687
r2-E,ROTATE_INC,3,1,0.000436003669165
r2-E,ROTATE_INC,3,2,0.0
r2-E,ROTATE_INC,3,3,0.0
r2-E,ROTATE_INC,3,4,0.0
r2-E,ROTATE_INC,3,5,0.0005230291862972
r2-E,ROTATE_INC,3,6,0.0007731810910627
r2-E,ROTATE_INC,3,7,0.0004903820808976
r2-E,ROTATE_INC,4,0,0.0014978586696088
r2-E,ROTATE_INC,4,1,0.0005098756519146
r2-E,ROTATE_INC,4,2,0.0005363382515497
r2-E,ROTATE_INC,4,3,0.0
r2-E,ROTATE_INC,4,4,0.0
r2-E,ROTATE_INC,4,5,0.0
r2-E,ROTATE_INC,4,6,0.0007440940244123
r2-E,ROTATE_INC,4,7,0.0005728875403292
r2-E,ROTATE_INC,5,0,0.0004087871639057
r2-E,ROTATE_INC,5,1,0.0002501021372154
r2-E,ROTATE_INC,5,2,0.0002452428743708
r2-E,ROTATE_INC,5,3,0.0003548777021933
r2-E,ROTATE_INC,5,4,0.0
r2-E,ROTATE_INC,5,5,0.0
r2-E,ROTATE_INC,5,6,0.0
r2-E,ROTATE_INC,5,7,0.0002233639679616
r2-E,ROTATE_INC,6,0,0.0041055246256291
r2-E,ROTATE_INC,6,1,0.000562691653613
r2-E,ROTATE_INC,6,2,0.0008460626122541
r2-E,ROTATE_INC,6,3,0.0012396040838211
r2-E,ROTATE_INC,6,4,0.0009327508741989
r2-E,ROTATE_INC,6,5,0.0
r2-E,ROTATE_INC,6,6,0.0
r2-E,ROTATE_INC,6,7,0.0
r2-E,ROTATE_INC,7,0,0.0075055910274386
r2-E,ROTATE_INC,7,1,0.0007027781102806
r2-E,ROTATE_INC,7,2,0.0007373498519882
r2-E,ROTATE_INC,7,3,0.0009957172442227
r2-E,ROTATE_INC,7,4,0.0008576262625865
r2-E,ROTATE_INC,7,5,0.0006704630213789
r2-E,ROTATE_INC,7,6,0.0
r2-E,ROTATE_INC,7,7,0.0
r2-E,ROTATE_SWAP,0,0,0.0
r2-E,ROTATE_SWAP,0,1,0.0
r2-E,ROTATE_SWAP,0,2,0.0005291994311846
r2-E,ROTATE_SWAP,0,3,0.0014578758273273
r2-E,ROTATE_SWAP,0,4,0.0009838598780333
r2-E,ROTATE_SWAP,0,5,0.0005700199399143
r2-E,ROTATE_SWAP,0,6,0.0015496863052248
r2-E,ROTATE_SWAP,0,7,0.0034162180963903
r2-E,ROTATE_SWAP,1,0,0.0
r2-E,ROTATE_SWAP,1,1,0.0
r2-E,ROTATE_SWAP,1,2,0.0
r2-E,ROTATE_SWAP,1,3,0.0001723212917568
r2-E,ROTATE_SWAP,1,4,0.0001266988401766
r2-E,ROTATE_SWAP,1,5,0.0001357005676254
r2-E,ROTATE_SWAP,1,6,0.0001166943256976
r2-E,ROTATE_SWAP,1,7,0.0001038581394823
r2-E,ROTATE_SWAP,2,0,0.00048710743431
r2-E,ROTATE_SWAP,2,1,0.0
r2-E,ROTATE_SWAP,2,2,0.0
r2-E,ROTATE_SWAP,2,3,0.0
r2-E,ROTATE_SWAP,2,4,0.0002991238434333
r2-E,ROTATE_SWAP,2,5,0.0002631726383697
r2-E,ROTATE_SWAP,2,6,0.0003929406811948
r2-E,ROTATE_SWAP,2,7,0.0002650038222782
r2-E,ROTATE_SWAP,3,0,0.0029423180967569
r2-E,ROTATE_SWAP,3,1,0.0008249160018749
r2-E,ROTATE_SWAP,3,2,0.0
r2-E,ROTATE_SWAP,3,3,0.0
r2-E,ROTATE_SWAP,3,4,0.0
r2-E,ROTATE_SWAP,3,5,0.0008743928628973
r2-E,ROTATE_SWAP,3,6,0.0012415600940585
r2-E,ROTATE_SWAP,3,7,0.0008131393697112
r2-E,ROTATE_SWAP,4,0,0.0026213086675852
r2-E,ROTATE_SWAP,4,1,0.0006832142826169
r2-E,ROTATE_SWAP,4,2,0.0006849849014542
r2-E,ROTATE_SWAP,4,3,0.0
r2-E,ROTATE_SWAP,4,4,0.0
r2-E,ROTATE_SWAP,4,5,0.0
r2-E,ROTATE_SWAP,4,6,0.0009025767212733
r2-E,ROTATE_SWAP,4,7,0.0007281882571987
r2-E,ROTATE_SWAP,5,0,0.0006331736803986
r2-E,ROTATE_SWAP,5,1,0.0003594630688894
r2-E,ROTATE_SWAP,5,2,0.000322533363942
r2-E,ROTATE_SWAP,5,3,0.0004634434299077
r2-E,ROTATE_SWAP,5,4,0.0
r2-E,ROTATE_SWAP,5,5,0.0
r2-E,ROTATE_SWAP,5,6,0.0
r2-E,ROTATE_SWAP,5,7,0.0002952780341729
r2-E,ROTATE_SWAP,6,0,0.0031779415439814
r2-E,ROTATE_SWAP,6,1,0.0004719173302873
r2-E,ROTATE_SWAP,6,2,0.0006683953106403
r2-E,ROTATE_SWAP,6,3,0.0011696974979713
r2-E,ROTATE_SWAP,6,4,0.0007698924746364
r2-E,ROTATE_SWAP,6,5,0.0
r2-E,ROTATE_SWAP,6,6,0.0
r2-E,ROTATE_SWAP,6,7,0.0
r2-E,ROTATE_SWAP,7,0,0.0096393497660756
r2-E,ROTATE_SWAP,7,1,0.0009751241886988
r2-E,ROTATE_SWAP,7,2,0.0009937114082276
r2-E,ROTATE_SWAP,7,3,0.0013474273728206
r2-E,ROTATE_SWAP,7,4,0.0011652826797217
r2-E,ROTATE_SWAP,7,5,0.0009209691779688
r2-E,ROTATE_SWAP,7,6,0.0
r2-E,ROTATE_SWAP,7,7,0.0
r2-E,INC_SWAP,0,0,0.0
r2-E,INC_SWAP,0,1,0.0
r2-E,INC_SWAP,0,2,0.0005374188185669
r2-E,INC_SWAP,0,3,0.0007513514719903
r2-E,INC_SWAP,0,4,0.0005815423792228
r2-E,INC_SWAP,0,5,0.0003881385782733
r2-E,INC_SWAP,0,6,0.0021408139728009
r2-E,INC_SWAP,0,7,0.0030572351533919
r2-E,INC_SWAP,1,0,0.0
r2-E,INC_SWAP,1,1,0.0
r2-E,INC_SWAP,1,2,0.0
r2-E,INC_SWAP,1,3,8.484647696604952e-05
r2-E,INC_SWAP,1,4,6.42539162072353e-05
r2-E,INC_SWAP,1,5,7.132450264180079e-05
r2-E,INC_SWAP,1,6,6.752814806532115e-05
r2-E,INC_SWAP,1,7,5.923835124121979e-05
r2-E,INC_SWAP,2,0,0.0004996874486096
r2-E,INC_SWAP,2,1,0.0
r2-E,INC_SWAP,2,2,0.0
r2-E,INC_SWAP,2,3,0.0
r2-E,INC_SWAP,2,4,0.0002830798912327
r2-E,INC_SWAP,2,5,0.0002631896641105
r2-E,INC_SWAP,2,6,0.0004077651828993
r2-E,INC_SWAP,2,7,0.0002685851068235
r2-E,INC_SWAP,3,0,0.0006703241379
r2-E,INC_SWAP,3,1,0.0002698832540772
r2-E,INC_SWAP,3,2,0.0
r2-E,INC_SWAP,3,3,0.0
r2-E,INC_SWAP,3,4,0.0
r2-E,INC_SWAP,3,5,0.0003272867470514
r2-E,INC_SWAP,3,6,0.0005191469099372
r2-E,INC_SWAP,3,7,0.0003237842756789
r2-E,INC_SWAP,4,0,0.0007978896610438
r2-E,INC_SWAP,4,1,0.0003443845489528
r2-E,INC_SWAP,4,2,0.000369060144294
r2-E,INC_SWAP,4,3,0.0
r2-E,INC_SWAP,4,4,0.0
r2-E,INC_SWAP,4,5,0.0
r2-E,INC_SWAP,4,6,0.0005339208291843
r2-E,INC_SWAP,4,7,0.0003999318287242
r2-E,INC_SWAP,5,0,0.0002545296447351
r2-E,INC_SWAP,5,1,0.0001938261266332
r2-E,INC_SWAP,5,2,0.0001836088486015
r2-E,INC_SWAP,5,3,0.0002690453547984
r2-E,INC_SWAP,5,4,0.0
r2-E,INC_SWAP,5,5,0.0
r2-E,INC_SWAP,5,6,0.0
r2-E,INC_SWAP,5,7,0.0001684805174591
r2-E,INC_SWAP,6,0,0.0040602181106805
r2-E,INC_SWAP,6,1,0.0005468793679028
r2-E,INC_SWAP,6,2,0.0008119208505377
r2-E,INC_SWAP,6,3,0.0011866621207445
r2-E,INC_SWAP,6,4,0.0008874696213752
r2-E,INC_SWAP,6,5,0.0
r2-E,INC_SWAP,6,6,0.0
r2-E,INC_SWAP,6,7,0.0
r2-E,INC_SWAP,7,0,0.006729191634804
r2-E,INC_SWAP,7,1,0.0005211065290495
r2-E,INC_SWAP,7,2,0.0005503461579792
r2-E,INC_SWAP,7,3,0.0007609127205796
r2-E,INC_SWAP,7,4,0.0006206466350704
r2-E,INC_SWAP,7,5,0.0004984880215488
r2-E,INC_SWAP,7,6,0.0
r2-E,INC_SWAP,7,7,0.0
